country,founded,id,industry,linkedin_url,locality,name,region,size,website
india,,B5jO74px75aro7GUMzW4wAi2im0o,hospital & health care,linkedin.com/company/jaipuria-silk-mills-private-limited,bangalore,jaipuria silk mills private limited,karnataka,1-10,
india,,xg51QjkRFtZS7qShsUYzKQqwjGwK,hospital & health care,linkedin.com/company/dr-khanna-s-pathcare-private-limited,new delhi,dr khanna s pathcare private limited,delhi,201-500,bluepenindia.com
india,,npq7CKJxjumKaAJsV2drFQipIdYe,hospital & health care,linkedin.com/company/colour-yellow-pictures-limited,mumbai,colour yellow pictures limited,maharashtra,1-10,
india,,uoQiidHClNq0j85k07v8BAFjw9cr,hospital & health care,linkedin.com/company/kanchan-medicare-&-research-centre-private-limited,guna,kanchan medicare & research centre private limited,madhya pradesh,1-10,
india,,LMiPe3hzvGfFLUtsAuaeVAkHsfn7,hospital & health care,linkedin.com/company/get-set-healthy-private-limited,nandyāl,get set healthy private limited,andhra pradesh,1-10,
india,,uv374ODxtTA9zosiAg4MfgceKaBU,hospital & health care,linkedin.com/company/gsv-corporate-services-private-limited,sūrat,gsv corporate services private limited,gujarat,1-10,
india,,nhKKhp6ctbOmK4TafJceiAJuRDJD,hospital & health care,linkedin.com/company/medspaceit,tirupati,medspaceit,andhra pradesh,11-50,medspaceit.com
india,,VLw3ZkwziiIPfixAd5G43QwmA76w,hospital & health care,linkedin.com/company/skymed-healthcare-private-limited,thiruvananthapuram,skymed healthcare private limited,kerala,1-10,
india,,JonYAZpECN3AS4xS37kv1w8divAb,hospital & health care,linkedin.com/company/healia-diagnostics,chennai,healia diagnostics,tamil nadu,51-200,healiadiagnostics.com
india,,6KnKRrl9pC2vl9LtiktV9QJwYpNj,hospital & health care,linkedin.com/company/taral-engineering-solutions-private-limited,kanpur,taral engineering solutions private limited,uttar pradesh,1-10,
india,,baai37hMl8OdDuyj8U62lwZvF7ZK,hospital & health care,linkedin.com/company/kraska-zone-training-private-limited,navi mumbai,kraska zone training private limited,maharashtra,1-10,
india,,mgBovB1UKCdjYjcE7f4iqAqc5NmW,hospital & health care,linkedin.com/company/kmc-hospital---india,,kmc hospital - india,,1-10,kmchospitalsmangalore.com
india,,JXLrOCnxwAK7Necru4VyLAgjK0lL,hospital & health care,linkedin.com/company/vansh-educational-and-institutional-private-limited,unnāo,vansh educational and institutional private limited,uttar pradesh,1-10,
india,,tIDEU51W9e1jAhEZ3VVPjQ9Vzxsh,hospital & health care,linkedin.com/company/vcarve-rcm-pvt-ltd,hyderābād,vcarve rcm pvt ltd,telangana,51-200,vcarvercm.com
india,2005,Tx8Xjbnswwt6hJScx2wC5gXrppb5,hospital & health care,linkedin.com/company/balaji-physiotherapy-&-rehabilitation-clinic,jodhpur,balaji physiotherapy & rehabilitation clinic,rajasthan,1-10,bprc.in
india,,S0AxnDENpywQEepuZLqgAg9qIL8N,hospital & health care,linkedin.com/company/new-horizon-medicare-services-private-limited,gurgaon,new horizon medicare services private limited,haryana,1-10,
india,2021,huiCLcjCCgn7jubd5KqGAAlWVeZi,hospital & health care,linkedin.com/company/pragma-hospitals,hyderābād,pragma hospitals,telangana,11-50,pragmahospitals.com
india,,boYkRhj8dVGB4YdDfXxoPAgG2jC6,hospital & health care,linkedin.com/company/environ-healthcare-private-limited,tanjore,environ healthcare private limited,tamil nadu,1-10,
india,2022,bMLwNpX9a3wHvlRDgqB0tgK1dNcW,hospital & health care,linkedin.com/company/cohort-dental-clinic-and-healthcare-centerh,calicut,cohort dental clinic and healthcare center,kerala,1-10,
india,,P3EWgVRl3pcVjkSVp5emYAeaa73r,hospital & health care,linkedin.com/company/navjivan-health-services-private-limited,chandīgarh,navjivan health services private limited,chandigarh,1-10,
india,2020,ombKm1gubCtrn1lJNStTfAcc3vrp,hospital & health care,linkedin.com/company/querencia-lhmc,delhi,querencia lhmc,delhi,51-200,
india,,DX6DlOC0AJQ5OBHhn8FSjQIffB0P,hospital & health care,linkedin.com/company/manchu-entertainment-private-limited,hyderābād,manchu entertainment private limited,telangana,1-10,
india,,QnbjJXJpw03DgOJXuB3BcQpB2gma,hospital & health care,linkedin.com/company/lab-info,new delhi,lab info,delhi,201-500,pharmasourcingguide.com
india,,NCjKQ1Y6cmyiy04yOm6CRgLlDxuP,hospital & health care,linkedin.com/company/dagar-diagnostic-centre,palwal,dagar diagnostic centre,haryana,1-10,dagardiagnosticscentre.com
india,,VDvxD6BrXqMB532BsCcVcQndj3rt,hospital & health care,linkedin.com/company/santamonica-study-abroad-private-limited,bangalore,santamonica study abroad private limited,karnataka,501-1000,
india,,qxIBq5CCBB288SBHF92NPAcnvj4a,hospital & health care,linkedin.com/company/clindiag-india,delhi,clindiag india,delhi,11-50,clindiag.be
india,,jaC7qisqUOP6mVOd2BZnIQ0BmW0r,hospital & health care,linkedin.com/company/jupiter-scan-and-imaging-centre-private-limited,mumbai,jupiter scan and imaging centre private limited,maharashtra,1-10,
india,,hM9Tus8EeL5f3DE54ENGUQ9GZPOw,hospital & health care,linkedin.com/company/ajay-clinic,vasundhra enclave,ajay clinic,delhi,1-10,ajayclinic.org
india,,SW1mBDmI8M5IdfjzC8X3DwCvXZZA,hospital & health care,linkedin.com/company/filix-health-care,powai iit,filix health care,maharashtra,201-500,
india,,94GQKL9R1KXzqgebNF08ogXixaKL,hospital & health care,linkedin.com/company/define-medical-s-stems,kolkāta,define medical s stems,west bengal,201-500,
india,,UWqdBBV8DnGMSvuDVv8OqwRYKpII,hospital & health care,linkedin.com/company/payal-telefilms-private-limited,dankuni coal complex,payal telefilms private limited,west bengal,1-10,
india,2023,MPiczPNylB4HDDo1n8HZHwwU3A4J,hospital & health care,linkedin.com/company/neulabs-in,bangalore,neulabs india life sciences pvt ltd,karnataka,51-200,neulabs.in
india,,YqAV2jubPLEIuHTMxcbX8wKOG7tl,hospital & health care,linkedin.com/company/international-council-for-global-education,lucknow,international council for global education,uttar pradesh,1-10,
india,,Lmh3GuIUmzoFafEiD68CFAV731JV,hospital & health care,linkedin.com/company/shri-ram-entertainment-india-pvt-ltd,new delhi,shri ram entertainment (india) pvt ltd,delhi,1-10,
india,,R0Q9t4lHRMBWe4dkwI8CZgmotV3p,hospital & health care,linkedin.com/company/agappe,kerela,agappe,haryana,51-200,
india,,jQyXgnw7ZP3CYiCEd6ScXgcuZd69,hospital & health care,linkedin.com/company/eagnatec-software-private-limited,ghāziābād,eagnatec software private limited,uttar pradesh,1-10,
india,,zDgY9yyQ47j4vUQOwVmfiQoFvic9,hospital & health care,linkedin.com/company/gyro-scanning-services-private-limited,pune,gyro scanning services private limited,maharashtra,1-10,
india,,rBfQsw118zDddX0oIArdjQvyNAfY,hospital & health care,linkedin.com/company/odel-solid-fitness-private-limited,hyderābād,odel solid fitness private limited,telangana,1-10,
india,,uE3ZpuDqlSYoGYoWS8vByQXG6qds,hospital & health care,linkedin.com/company/nricaremedical,pune,nri care,maharashtra,51-200,
india,,GKL265DNV2ZNAdqtP3KtRQeJCr9W,hospital & health care,linkedin.com/company/dr-nitin-garg-ortho-centre,khanna,dr nitin garg ortho centre,punjab,1-10,drnitingargorthocentre.business.site
india,,rY0VVTtCE2AH6uQ9AaqrIAJBxNeu,hospital & health care,linkedin.com/company/drshellysclinic,gurgaon south city i,dr. shelly's skin laser and aesthetics,haryana,1-10,
india,,Co8ZENB754ET4d75U7OhTAl3ORQC,hospital & health care,linkedin.com/company/complete-academic-solution-pvt.ltd.,rewāri,complete academic solution pvt.ltd.,haryana,1-10,
india,2019,GMNcWMU0kyGk1DA9uIuJDwuIaO51,hospital & health care,linkedin.com/company/sahaj-hospital-lucknow,lucknow,sahaj hospital,uttar pradesh,11-50,sahajhospital.org
india,1996,uwGzbbfxmsvcPgFs7MG1wAE2Pc1B,hospital & health care,linkedin.com/company/nishat-hospital---india,lucknow,nishat hospital and research centre pvt. ltd.,uttar pradesh,51-200,nishathospital.com
india,2006,nTSk0GQkorApHBnfUrAznwpJ1df9,hospital & health care,linkedin.com/company/asian-bariatrics-&-cosmetics-pvt-ltd-,ahmedabad,asian bariatrics & cosmetics pvt. ltd.,gujarat,51-200,asianbariatrics.com
india,,4VQ8WYw3gYoQUMrB0MTyigXCsnfy,hospital & health care,linkedin.com/company/maa-tara-medical,kolkāta,maa tara medical,west bengal,201-500,geno.com
india,,VoJfwwGyYI7Hhb2LN9ThLwARvJtJ,hospital & health care,linkedin.com/company/priority-health-india,delhi,priority health,delhi,51-200,
india,,Z7tkJkjLBBt6PPgdsKCV7wgGqMsi,hospital & health care,linkedin.com/company/padiyath-healthcare---india,,padiyath healthcare - india,,1-10,padiyathhealthcare.com
india,,S408CG7OQ2x6seitBIKUOAa0Xgxs,hospital & health care,linkedin.com/company/ahana-hospital,madurai,ahana hospital,tamil nadu,51-200,
india,,KE81euG84x02peOkuCbbkAzYB98m,hospital & health care,linkedin.com/company/enhanceaesthetic,pune,enhance aesthetic,maharashtra,11-50,enhanceaestheticclinic.com
india,1996,TCN1OnhQXk9RgrUAsp2aHQJK7YxG,hospital & health care,linkedin.com/company/vasundharahospitaljaipur,adarsh nagar,vasundhara ivf,rajasthan,11-50,
india,,tHJydDMb83xCLdmJ1a117g7fwtcu,hospital & health care,linkedin.com/company/stryvs,bangalore,stryvs,karnataka,1-10,
india,,5Fy6ELh2868ATiE3S59bmg6DkJhQ,hospital & health care,linkedin.com/company/fortis-flt-lt-rajan-dhall-hospital,new delhi,fortis flt lt rajan dhall hospital,delhi,11-50,
india,,pFCdxGv3jvKRUbG9uxsDjQlZ5O3t,hospital & health care,linkedin.com/company/jeewan-hospital-pusa-road,delhi,jeewan hospital pusa road,delhi,201-500,
india,,MmBChgjwkBZENJyRk9GsyQ0IZO1v,hospital & health care,linkedin.com/company/satwik-advertisements-private-limited,nagar,satwik advertisements private limited,telangana,1-10,
india,,WZgjBAIdDqwatdo5CCp7jABshQHL,hospital & health care,linkedin.com/company/baweja-multispeciality-hospital---india,,baweja multispeciality hospital - india,,1-10,bawejahospital.com
india,,gDumkQFKbj7YzCUzyQ2aBw0J1LP5,hospital & health care,linkedin.com/company/nimscgm,thiruvananthapuram,nims centre for genomic medicine,kerala,501-1000,nimshospital.com
india,,8gStZHoPhCazZ1xKKBUDRAZ70yLs,hospital & health care,linkedin.com/company/topmans-education-and-career-horizons-private-limited,angamāli,topmans education and career horizons private limited,kerala,1-10,
india,,uIAKXZ5B58FQsE7B8XvGDwxdkd4P,hospital & health care,linkedin.com/company/savitri-education-private-limited,pratap nagar,savitri education private limited,rajasthan,1-10,
india,,R2h5ZsqYPvrTCD9TqnnuGweYPpe7,hospital & health care,linkedin.com/company/webrad-teleradiology,naharpur,webrad teleradiology,delhi,1-10,webrad.in
india,2016,qmsuRKlY59AhHtTTi7FT9wKFstQG,hospital & health care,linkedin.com/company/chatadoc,gurgaon,mannkaa,haryana,51-200,chatadoc.com
india,,ENqG1iYzrYxP6QKvUk3ptQUNoGic,hospital & health care,linkedin.com/company/endocrine-lab-invitro-allerg-testing,indore,endocrine lab invitro allerg testing,madhya pradesh,51-200,endoallergy.com
india,,Cngn08gPiYCKhf1imUJe0gDpgwBp,hospital & health care,linkedin.com/company/shri-malwa-hospital-research-centre,indore,shri malwa hospital research centre,madhya pradesh,51-200,
india,,ZJiNiXgODXUFTB1vh2d2xwff3D48,hospital & health care,linkedin.com/company/annu-kapoor-films-private-limited,mumbai,annu kapoor films private limited,maharashtra,1-10,
india,,POM0UCQ2YcKPOh7IPJJ74gcqZ3jf,hospital & health care,linkedin.com/company/academy-of-medical-laboratory-technology,thāne,academy of medical laboratory technology,maharashtra,1-10,
india,,Tikrb6BckiRlUoMgZIer9gQM9B2H,hospital & health care,linkedin.com/company/texport-overseas-private-limited,vijaynagar ii stage,texport overseas private limited,karnataka,1-10,
india,,NUC3wj34BBGeyW7WgNLbOQsGrAlz,hospital & health care,linkedin.com/company/sahdeo-hospitals-private-limited.,delhi,sahdeo hospitals private limited.,delhi,1-10,
india,,CDbT3FhMB3eVqrBXJsaiKAPk297e,hospital & health care,linkedin.com/company/yashlifecare,new delhi,yash lifecare medline,delhi,11-50,yashlifecare.com
india,2013,oNF91ZsJIWcinje90IsQpw7z6SnW,hospital & health care,linkedin.com/company/shukhibhava-consultancy-private-limited,hyderābād,shukhibhava consultancy private limited,telangana,11-50,shukhibhava.com
india,1992,kR8WrC20ftZY0q6CSYUEagqZLtYF,hospital & health care,linkedin.com/company/kabra-eye-hospital,jaipur r.s.,kabra eye hospital,rajasthan,11-50,
india,2007,B5jGNJZKNkms6QjUBzdKZQls6KwX,hospital & health care,linkedin.com/company/physiotherapy-at-home-in-ghaziabad,ghāziābād,physiotherapy at home in ghaziabad,uttar pradesh,11-50,orthoneurophysioclinic.in
india,,tlbsC2mmZkIEnGiBU70WbQee2k9J,hospital & health care,linkedin.com/company/pande's-third-poll-private-limited,aurangābād,pande's third poll private limited,maharashtra,1-10,
india,,P78Ra1yY7qk5R3shkXQvjgRgiooP,hospital & health care,linkedin.com/company/brindavan-mystic-services-private-limited,chennai,brindavan mystic services private limited,tamil nadu,1-10,
india,,PZ9i2oIFjyjukQip9jo7LApRIFsG,hospital & health care,linkedin.com/company/sudarshanam-netra-chikitsalayam,tirur,sudarshanam netra chikitsalayam,kerala,1-10,netrafoundation.com
india,,qnQK7SUyBRUOdMG2YWHRCA2M8ggG,hospital & health care,linkedin.com/company/vedant-vision-private-limited,kanpur,vedant vision private limited,uttar pradesh,1-10,
india,,3zCikWYeBUkteaIDnEeifAyagnH1,hospital & health care,linkedin.com/company/cuttack-laparoscopic-hospital,,cuttack laparoscopic hospital,west bengal,1-10,cuttack-laparoscopic-hospital.business.site
india,,AGDHPYhFq7q12R5bld6LkARGA8Gs,hospital & health care,linkedin.com/company/audio-arch-india-private-limited,hyderābād,audio arch (india) private limited,telangana,1-10,
india,,LFMHreMqlpZd2vHdo0mhkw9YyxVD,hospital & health care,linkedin.com/company/dream-design-&-display-india-private-limited,new delhi,dream design & display india private limited,delhi,1-10,
india,,0YF5SxAv0xsY7aqQHEhSaQM8zTTU,hospital & health care,linkedin.com/company/ecosense-lab-i-private-limited,mumbai,ecosense lab i private limited,maharashtra,201-500,ecosenselabs.com
india,,CMk17E9Sa92rMIqlWwuJCwXYdnZR,hospital & health care,linkedin.com/company/suraksha-health-park-hospitals,,suraksha health park hospitals,,1-10,surakshahealthpark.com
india,,CXGqZUTCTsfFfk5Ef6JKnQEyxZD2,hospital & health care,linkedin.com/company/fitness-innovation-technologies-private-limited,dona paula,fitness innovation technologies private limited,goa,1-10,
india,2019,hmVEiSyvuCyrD7mlvjd6cgTq4Lw2,hospital & health care,linkedin.com/company/sanjeevani-homoeopathy,laksar,sanjeevani homoeopathy,uttarakhand,1-10,sanjeevanihomoeopathy.com
india,2015,sM9ucU8bmD8HL4aPXrvhBwk4JKHp,hospital & health care,linkedin.com/company/iitm-ranchi-bokaro-indira-institute-of-technology-management,bokaro steel city,asha heathcare & lifestyle @ ahl,jharkhand,11-50,bokaro.com
india,,VdegABgZTz72VFe2KPgXLAz2sgnT,hospital & health care,linkedin.com/company/jyothi-hospital,,jyothi hospital,andhra pradesh,11-50,jyothihospital.org.in
india,,ufXEth6vBCwYG8yqy2o9kwx9QcuM,hospital & health care,linkedin.com/company/corpex-advisors-private-limited,delhi,corpex advisors private limited,delhi,1-10,
india,,Nck5me3L5eqMlkRBuvlwAQgUEXtN,hospital & health care,linkedin.com/company/care-hands-health-services,new delhi,care hands health services,delhi,11-50,
india,,zZDuTRBdC5UNBlgeKGoESgMkeFxK,hospital & health care,linkedin.com/company/evolution-vision-fitness-private-limited,lucknow,evolution vision fitness private limited,uttar pradesh,1-10,
india,,BBGOWGQnjVvvo8VG06etLQaQ9Zpf,hospital & health care,linkedin.com/company/npower-educational-institutions-private-limited,new delhi,npower educational institutions private limited,delhi,1-10,
india,2019,O4rsXSdapM6TwOFxGFWUIQpwJ1iB,hospital & health care,linkedin.com/company/fission-healthcare,anna nagar,fission healthcare,tamil nadu,11-50,fissionhealthcare.com
india,,ttfI0CemuhMhCBanbxsjuwoYRxJd,hospital & health care,linkedin.com/company/bal-sadan-association,panchkula,bal sadan association,haryana,1-10,balsadanpkl.org
india,2019,q4SbtkI19LymU9lsaRo22giRvKcG,hospital & health care,linkedin.com/company/affocare1,jaipur,affocare,rajasthan,1-10,affo.care
india,,xeuipAPNRxe8zEgFypBvSARJRnQs,hospital & health care,linkedin.com/company/city-sporting-fc-private-limited,new delhi,city sporting fc private limited,delhi,1-10,
india,,k5eWMLZqDHEZKsVCCmb9ega5gL1J,hospital & health care,linkedin.com/company/arc-international-fertility-&-research-centre-abhijay-hospital,chennai,arc international fertility & research centre abhijay hospital,tamil nadu,201-500,
india,,bHMTg4ijkEzBB8AIC24g9gj3xsln,hospital & health care,linkedin.com/company/arhat-edu-excel-private-limited,indore,arhat edu excel private limited,madhya pradesh,1-10,
india,,U5Nk3dH6ECNhIEoc1fCKTgDyaalg,hospital & health care,linkedin.com/company/academy-for-research-and-training-india-private-limited,jaipur,academy for research and training (india) private limited,rajasthan,1-10,
india,,NJvlr37VRfWdB1RdR9gTlQKVumty,hospital & health care,linkedin.com/company/parshi-training-and-technical-services-private-limited,vaishali nagar ajmer,parshi training and technical services private limited,rajasthan,1-10,
india,,UVKmCALHjTBreR366B2NIQXBLvPs,hospital & health care,linkedin.com/company/thulashi-park-international-private-limited,chennai,thulashi park international private limited,tamil nadu,1-10,
india,,HnF3y0OCUrg11GC0CqVWBAjobW4K,hospital & health care,linkedin.com/company/platinum-nursing-home-private-limited,gangānagar,platinum nursing home private limited,rajasthan,1-10,
india,,jcS2eUCWTbpyoaCtry5HrQ8bqyYN,hospital & health care,linkedin.com/company/hubli-nursing-hubli-co,hubli tabibland,hubli nursing hubli co,karnataka,1-10,hublinursing.com
india,,D4CZeEYOSZOEaDnGeBu6ogiptgJA,hospital & health care,linkedin.com/company/asian-medical-diagnostic,hyderābād,asian medical diagnostic,telangana,51-200,asianmedicaldiagnostics.com
india,1995,LEX6CF7w07DC9VBhCiNnQg6RBJUM,hospital & health care,linkedin.com/company/endoliteindialtd,new delhi,endolite india limited,delhi,1001-5000,endoliteindia.com
india,,BdtDvRs6K89n847hWaTDkglCK7kl,hospital & health care,linkedin.com/company/dr-hedgewar-rugnalaya,,dr hedgewar rugnalaya,,1-10,hedgewar.org
india,,eTBJV4TGWhJ2Le9NIxnmCQZwY0TI,hospital & health care,linkedin.com/company/prarthana-homeo-clinic---india,,prarthana homeo clinic - india,,1-10,prarthanahomeo.blogspot.in
india,,zFo5hKy68GMlAfe7Hxt3qQCldsgF,hospital & health care,linkedin.com/company/om-suvam-hospital---india,cuttack,om suvam hospital - india,odisha,1-10,omsuvamhospital.com
india,,TmYTZnJOKQbxqJsYTnjVtQRw4Idi,hospital & health care,linkedin.com/company/sr-physiotherapy-clinic,tuni,sr physiotherapy clinic,andhra pradesh,1-10,satya-chandrika-physiotherapy-and-pain-relief.business.site
india,,THM6USLRRSnx9oBsvjlUeAVfi22T,hospital & health care,linkedin.com/company/storm-amusements-private-limited,ahmadnagar,storm amusements private limited,maharashtra,1-10,
india,2021,VxeH1OjxOCmLOFP1CUakOQK9Nc64,hospital & health care,linkedin.com/company/anaamayam-healthcare-llp,noida,anaamayam healthcare llp,uttar pradesh,1-10,
india,,mDR90QEEwnXA60uVAht3TAOSL5BA,hospital & health care,linkedin.com/company/qolsys-softwares-india-private-limited,hyderābād,qolsys softwares india private limited,telangana,1-10,
india,,QwgsghVcAjXuSpqCIMBfswBW2FMX,hospital & health care,linkedin.com/company/sevana-hospital,,sevana hospital,,1-10,sevanahospital.org
india,,XBGto09I3RlKqNzKPmKgCA4o7sCm,hospital & health care,linkedin.com/company/akruti-hospital,thāne,akruti hospital,maharashtra,51-200,
india,,AlmCYszV9FYkrBTdzpxClgJsKpkm,hospital & health care,linkedin.com/company/frenzet-events-&-exhibitions-private-limited,bangalore,frenzet events & exhibitions private limited,karnataka,1-10,
india,2022,4IjVsXujIdD1D1BRIdpbCwfVNKN7,hospital & health care,linkedin.com/company/neumod-pvt-ltd,gokul,neumod pvt ltd,karnataka,11-50,neu-mod.com
india,2017,kaXmb7DK7tufjilqbIcwrAr8YfmL,hospital & health care,linkedin.com/company/digirecords,vijay nagar,digirecords,madhya pradesh,11-50,digirecords.in
india,2020,Cn9zumJEy1egKRyR7SIIlA6ShGC5,hospital & health care,linkedin.com/company/u-medz,delhi,u medz,delhi,1-10,umedz.in
india,,H8iRr8pcMZ8b1x8OJB5r7g8Hsim5,hospital & health care,linkedin.com/company/vid-asagar-institute-of-mental-health-neuro-sciences,new delhi,vid asagar institute of mental health neuro sciences,delhi,201-500,
india,,nPIY8gjMhc5JZ6yCjjQIaARR1WJt,hospital & health care,linkedin.com/company/bulwark-labs,new delhi,bulwark labs,delhi,201-500,bulwarklabs.com
india,,8WuQ3CgEB7BC65Ql2THKBwxy20IS,hospital & health care,linkedin.com/company/accura-labs,new delhi,accura labs,delhi,201-500,accuralabs.com
india,1977,lgdLIGUPz9n95riBjTBbBAWUSSpw,hospital & health care,linkedin.com/company/parasu-dental-centre---india,chennai,yash dental - chennai,tamil nadu,11-50,parasudental.in
india,,5XGf0ONaSL5iroO9m2cPYwKH9vV1,hospital & health care,linkedin.com/company/brightfuture-safeguards-and-facility-services-private-limited,lucknow,brightfuture safeguards and facility services private limited,uttar pradesh,1-10,
india,,klQgPoAUf1L0kstZclVoYwoUn8By,hospital & health care,linkedin.com/company/fab-smyle-dental-clinic,mumbai,fab smyle dental clinic,maharashtra,201-500,fabsmyle.com
india,,xP8zVNm064sNwMzKBGn1DQ5I5Kmu,hospital & health care,linkedin.com/company/vss-medical-college-and-hospital,,vss medical college and hospital,andhra pradesh,11-50,
india,,u6SBZAVGqDnTIrzjJRsLDgkWUteP,hospital & health care,linkedin.com/company/increment-language-solutions-private-limited,secunderābād,increment language solutions private limited,telangana,1-10,
india,,W1Du3KfEX1oCjFyxJFIQNgy0rfz9,hospital & health care,linkedin.com/company/valarkathir-creatronics-private-limited,chennai,valarkathir creatronics private limited,tamil nadu,1-10,
india,,0HqyUOgYmaENEhbeEjsfigwP0TPg,hospital & health care,linkedin.com/company/dermatique-health-and-beauty-clinic,banjara hills,dermatique - health and beauty clinic,telangana,1-10,
india,,C9yYcLwB8X2iCJOYpDSHKQEvZrIp,hospital & health care,linkedin.com/company/badar-multispecialty-hospital,sopara,badar multispeciality hospital,maharashtra,11-50,badarhospital.in
india,1990,wNl5eWlt8ooaFKzIJsmFtQExevld,hospital & health care,linkedin.com/company/bethsaida-hermitage-tourism,thiruvananthapuram,bethsaida hermitage tourism pvtd,kerala,201-500,bethsaidahermitage.com
india,,nRiFxBTUFw5w7AIqHbILYQhs1sqx,hospital & health care,linkedin.com/company/sera-cue-labs-pvt-ltd,hyderābād,sera cue labs pvt ltd,telangana,51-200,seracuelabs.com
india,,hYqTpTjXsRvZf66sjch1FAvKrcdD,hospital & health care,linkedin.com/company/gastrocare-clinic,tj co-operative housing colony,gastrocare clinic,tamil nadu,201-500,drsuryaprakashbhandari.com
india,,i4TTBmElmccoIVhJtnvCtQjchapV,hospital & health care,linkedin.com/company/svastek,new delhi,svastek,delhi,1-10,
india,,2dAnOQkFowvRyjd2td8WfQLrTtsw,hospital & health care,linkedin.com/company/amt-events-and-promotions-private-limited,perumanna,amt events and promotions private limited,kerala,1-10,
india,,4MiLp3ugeq3J7KH9ptMJaAjpeDfH,hospital & health care,linkedin.com/company/wyp-brand-solutions-private-limited,mumbai,wyp brand solutions private limited,maharashtra,1-10,
india,,1cCU4JYdoGBn4N3AzebfYwkHNueZ,hospital & health care,linkedin.com/company/1-rupee-clinic,mumbai,1 rupee clinic,maharashtra,201-500,1rupeeclinic.com
india,,JdCKfMXjC9rPprizdTYioQ9MVqS1,hospital & health care,linkedin.com/company/sankar-hospital-private-limited,pālghāt,sankar hospital private limited,kerala,1-10,
india,,LfUxg2exzEiH7l6fG81hfAIsMjJi,hospital & health care,linkedin.com/company/kamineni-academy-of-medical-sciences-and-research-centre,,kamineni academy of medical sciences and research centre,andhra pradesh,51-200,
india,,EJw9zXFY9ZGKewhoGcX56AC534Jc,hospital & health care,linkedin.com/company/seven-hills-forex-&-travels-india-private-limited,tirupati,seven hills forex & travels (india) private limited,andhra pradesh,1-10,
india,,KZHHHPOiv75AEeLauIJSSAq7YDop,hospital & health care,linkedin.com/company/shushrusha-heart-care-centre-specialit-hospital,mumbai,shushrusha heart care centre specialit hospital,maharashtra,201-500,shushrushaheartcare.com
india,,2ST7TAhyCJIWu8Wx4CBKOQU3kFU7,hospital & health care,linkedin.com/company/rs-biotech-labs-private-limited,chennai,rs biotech labs private limited,tamil nadu,1-10,
india,,4fYQHkSVDDrtufO2Alj8WwqiNuWb,hospital & health care,linkedin.com/company/change-agents-pr-and-marketing-services-private-limited,bangalore,change agents pr and marketing services private limited,karnataka,1-10,
india,,85tsPaNW02K3BbQMrvKr6wBvSk31,hospital & health care,linkedin.com/company/sahyadri-imaging-private-limited,aurangābād,sahyadri imaging private limited,maharashtra,1-10,
india,,u6xjKEcMGnYu68JANTkQ5AQevt66,hospital & health care,linkedin.com/company/bioscope-blues-communications-private-limited,mumbai,bioscope blues communications private limited,maharashtra,1-10,
india,,sGnnAQNsOiRPZZFKHZeHpwuSf1aW,hospital & health care,linkedin.com/company/edbridge-training-solutions-private-limited,kochi,edbridge training solutions private limited,kerala,1-10,
india,,BXv9zfBXJOL5ZUbeDCP0RwFYNzaz,hospital & health care,linkedin.com/company/bankersvascularcentre,ahmedabad,bankers vascular centre,gujarat,201-500,bankersvascular.com
india,,sQxCy1t1svCuiHC1bQ5RgwyzQzjs,hospital & health care,linkedin.com/company/goyal-auto-products-private-limited,delhi,goyal auto products private limited,delhi,1-10,
india,,4Ove00teEJtFZNh8DdT1WwqvydpH,hospital & health care,linkedin.com/company/omsaiom-ayuroreki-private-limited,indore,omsaiom (ayuroreki) private limited,madhya pradesh,1-10,
india,,G5fgMpn8VaIolGdRN2aDIwzmsuSV,hospital & health care,linkedin.com/company/jain-ent-hospital,jaipur,jain ent hospital,rajasthan,11-50,jainenthospital.org
india,,R6tSEsy4kC6h385DS6CvTw7sJJW2,hospital & health care,linkedin.com/company/cordis-heart-institute,thāne,cordis heart institute,maharashtra,11-50,cordisheartinstitute.com
india,,ue3JibCfQCG1to11IhuabwzctTBw,hospital & health care,linkedin.com/company/gaman-ph-sio-care,hyderābād,gaman ph sio care,telangana,51-200,
india,,FBRcQVXgjKqq3WcW4Cw9BgwWJlFO,hospital & health care,linkedin.com/company/the-usmle-synergy-initiative,pune,the usmle synergy initiative,maharashtra,1-10,
india,,jozyfKfzZBr3CtdvzdlzDwdUxnqR,hospital & health care,linkedin.com/company/fools-paradise-designworks-private-limited,mumbai,fools paradise designworks private limited,maharashtra,1-10,
india,,Qo9CuVKXcjO2ChZSVQAz6AAougYl,hospital & health care,linkedin.com/company/gluconate-health-ltd,kolkāta,gluconate health ltd,west bengal,1-10,gluconatehealth.co.in
india,,Y9P6HdutKeCgMympH9Q3hQU75eKf,hospital & health care,linkedin.com/company/c-tech-education,gtr moga,c tech education,punjab,1-10,ctecheducation.in
india,,Cpo8kQR7BdczlTtsrrboIAAORhjZ,hospital & health care,linkedin.com/company/kailash-healthcare-ltd---india,ghāziābād,kailash healthcare ltd - india,uttar pradesh,1-10,
india,2023,K6c1CHLCzlYHmZVKC2HXOAs460Wv,hospital & health care,linkedin.com/company/oneayush,anantapur,one ayush,andhra pradesh,11-50,oneayush.com
india,,dHrCAHGY92I6DpYhK7j1cgl9r7Q2,hospital & health care,linkedin.com/company/zamorin-s-health-retreat-private-limited,trichūr,zamorin s health retreat private limited,kerala,1-10,
india,,fPCpvdhdW27TtMcQWwXMtQjhhGoc,hospital & health care,linkedin.com/company/sparta-fertility,hyderābād,sparta fertility,telangana,51-200,spartafertility.com
india,2020,ywSlfbSjuhE03eBBUUg4TweaH6lr,hospital & health care,linkedin.com/company/apple-imaging,hauz khas,apple imaging,delhi,11-50,appleimaging.com
india,,Nybe2AaUplPozgKc1pwQBgoSd0LJ,hospital & health care,linkedin.com/company/sparsh-children-hospital-nicu,sūrat,sparsh children hospital & nicu,gujarat,11-50,sparshchildrenhospitals.com
india,,xCJ5IQMrg8Ot9s2L8OktXQ6BHbNr,hospital & health care,linkedin.com/company/babu-jagjivan-ram-memorial-hospital,new delhi,babu jagjivan ram memorial hospital,delhi,1-10,
india,,Xyl2UijQ4SupjxxHVw5x7A94YwV7,hospital & health care,linkedin.com/company/denvaxofficial,new delhi,denvax,delhi,11-50,
india,,iYnubWF7wMjmDYNdEJhEawHBT7NU,hospital & health care,linkedin.com/company/bhs-lakeview-hospitals-belgaum,belgaum,bhs lakeview hospital belgaum,karnataka,201-500,
india,1997,GmBZoKT92yXaMo0B4qZt4gKxwjml,hospital & health care,linkedin.com/company/r-k-surgical-medical-co,kanpur,r.k. surgical & medical company,uttar pradesh,11-50,
india,,7Vi68LzQgxByIiSCBlsA2AtY5hZJ,hospital & health care,linkedin.com/company/graham-nursing-home-in-sivakasi,sivakāsi,graham nursing home in sivakasi,tamil nadu,1-10,grahamnursinghome.com
india,2018,ucoQ2HBC2emCVUalot7tAgqLnbSk,hospital & health care,linkedin.com/company/homebrew-automation-solution,ānand,vahiny - pneumatic transport system,gujarat,11-50,vahiny.in
india,,hOCJBm5Y8nkcAEasksyBXgdLwjeK,hospital & health care,linkedin.com/company/patholab-healthcare-private-limited,cuttack g.p.o.,patholab healthcare private limited,odisha,1-10,
india,,wgdql13yPiaeOLzfV2U0xw9nxh6Y,hospital & health care,linkedin.com/company/lam-insurance-surveyors-&-loss-adjusters-private-limited,hanamkonda,lam insurance surveyors & loss adjusters private limited,telangana,1-10,
india,,liJtHC8E3UTB4qCSXkhSowDfiwZD,hospital & health care,linkedin.com/company/indian-foundation-for-safe-blood,bangalore,indian foundation for safe blood,karnataka,1-10,
india,,pIE0BBFvRqHY0Hpum2ixPgQZjC6B,hospital & health care,linkedin.com/company/k-k-multispeciality-hospita..,pune,k k multispeciality hospita..,maharashtra,1-10,kkhospitalalandi.com
india,2005,PqFWAfCVxeOxl4D5lmagCw6ZGClb,hospital & health care,linkedin.com/company/thecaringhand,gurgaon,the caringhand,haryana,11-50,thecaringhand.in
india,,RBWLZ7Cp6svU9ewt0SXcsACOvEEw,hospital & health care,linkedin.com/company/real-time-security-solutions-india-private-limited,lucknow,real time security solutions (india) private limited,uttar pradesh,1-10,
india,,RHQAay3kcLbPdfIn34JCvwI040Bs,hospital & health care,linkedin.com/company/aerodata-geoscience-india-private-limited,mumbai,aerodata geoscience (india) private limited,maharashtra,1-10,
india,,alv89mXCGcl0ClF5upIBHA6hhiPf,hospital & health care,linkedin.com/company/scigenom-labs-private-limited,chennai,scigenom labs private limited,tamil nadu,1-10,
india,,FLPB9wsM6G23e84bOCmpCwpJDXeY,hospital & health care,linkedin.com/company/chest-care-clinic-surat,sūrat,chest care clinic surat,gujarat,51-200,chestcareclinicsurat.com
india,,ZSdB1dEPl40HgQxRwUgCnA1gunm7,hospital & health care,linkedin.com/company/sure-marketing-concept-india-limited,vārānasi,sure marketing concept (india) limited,uttar pradesh,1-10,
india,2019,Kf5281IUiB1LBNFsUQ79QACE2HIU,hospital & health care,linkedin.com/company/vasudeo-pharmacy,mumbai,vasudeo healthcare pvt.ltd.,maharashtra,1001-5000,
india,,x7g8CN3NOBfdrz2LPGhBGAFCyrC2,hospital & health care,linkedin.com/company/big-x-ray-imaging-centre-private-limited,sūrat,big x-ray imaging centre private limited,gujarat,1-10,
india,2001,TnCKPB0KxSwKwIROHFzM5wuu1q75,hospital & health care,linkedin.com/company/abateas,kochi m.g.road,abate as,kerala,201-500,alsalama.org
india,,nrzSuRk4nDsy7crIoSTisgLI2HPD,hospital & health care,linkedin.com/company/fmc-marketing-&-security-services-private-limited,delhi,fmc marketing & security services private limited,delhi,1-10,
india,,6IaHBf5ZhhBR0JKOBCiTJgkYBWMj,hospital & health care,linkedin.com/company/sushila-homoeo-clinic,bargarh bazar,sushila homoeo clinic,odisha,1-10,sushilahomeo.com
india,2021,XVqP3TTz35BPyiVpDiFx8wYpjVsl,hospital & health care,linkedin.com/company/five-talent-accrete-india-pvt-ltd,tiruvannāmalai,five talent accrete india pvt ltd,tamil nadu,1-10,fivetalentglobal.com
india,2012,mOzpZ4RFb6gB3SC78pRS5QNCtGYA,hospital & health care,linkedin.com/company/fortis-bloom-ivf-centre-mohali,chandigarh sector 62,fortis bloom ivf centre,punjab,11-50,bloomivfmohali.com
india,,UhsnW3jQ0On9IABk7pBr2gG6UZ69,hospital & health care,linkedin.com/company/suraksha-electromech-private-limited,navi mumbai,suraksha electromech private limited,maharashtra,1-10,
india,,pSkbQSrBFcaxgud4A44ibgLAakdp,hospital & health care,linkedin.com/company/ambicq-billing-solutions-private-limited,chennai,ambicq billing solutions private limited,tamil nadu,1-10,ambicq.com
india,,BcZ1NjEfj0j5ebmuCtc16gJ4YdfJ,hospital & health care,linkedin.com/company/neelkanth-moneyline-services-pvt-ltd,new delhi,neelkanth moneyline services pvt ltd,delhi,1-10,
india,,Yery5NWIYWEQynuC47W9QwwJ14jf,hospital & health care,linkedin.com/company/icmi-education-private-limited,delhi,icmi education private limited,delhi,1-10,
india,2017,4YcxEUB9UfkGO1Hoyai7GQqcStMc,hospital & health care,linkedin.com/company/sv-healthcare,shakarpur,sv healthcare,delhi,11-50,
india,,EA6BGMZc1mobSWwD3LEcZQ0wSNLw,hospital & health care,linkedin.com/company/annai-arul-hospital---india,old perungalathur,annai arul hospital - india,tamil nadu,1-10,
india,,1CnRqG6FL5MQX7kP6hNLiQBB8Neh,hospital & health care,linkedin.com/company/ambio-research,university campus,ambio research,maharashtra,1-10,ambioresearch.com
india,,SLgEj3HHmoyScVHsIaVsNwNtdL2h,hospital & health care,linkedin.com/company/csrl-structwel-lab,shivaji nagar,csrl structwel lab,maharashtra,51-200,csrl-structwel.com
india,2022,ZaBlKhMFXeNjUqCLkNdz1wL52AKE,hospital & health care,linkedin.com/company/mediscaler,pune,mediscaler,maharashtra,1-10,mediscaler.com
india,,OBAtFoJCCMkqm4PRLdMfRAh5paBA,hospital & health care,linkedin.com/company/suncity-fitness-and-wellness-private-limited,sūrat,suncity fitness and wellness private limited,gujarat,1-10,
india,,ZKiJtZ4QCCUi1snKLB0n5QKF6mui,hospital & health care,linkedin.com/company/santhigiri-a-urveda-siddha-hospital,bangalore,santhigiri a urveda siddha hospital,karnataka,201-500,santhigiriashram.com
india,,RdvVf22myRJhBkFGmzAmLAa62ISz,hospital & health care,linkedin.com/company/anturkar-&-associates-consultants-private-limited,nāgpur,anturkar & associates consultants private limited,maharashtra,1-10,
india,,xZPgB6ONLdByp2CmJ3Q6hQAUdewB,hospital & health care,linkedin.com/company/anirudha-medical-organisation-private-limited,chennai,anirudha medical organisation private limited,tamil nadu,1-10,
india,,oBJC1bfIUQLY0Af4kBQjPAi3QdH9,hospital & health care,linkedin.com/company/meelan-hospital-steel-furniture,shelgaon mukund,meelan hospital steel furniture,maharashtra,51-200,meelanhospicare.com
india,,0EXTgcEl0MX6o9eFo0K6mwqgGLKp,hospital & health care,linkedin.com/company/bcf-indo-american-hospital-institute-of-brain-spine,vaikam,bcf indo american hospital institute of brain & spine,kerala,201-500,indoamericanhospital.in
india,2005,wEzqlb45wQEofHphpZen5QAm97M0,hospital & health care,linkedin.com/company/isha-diagnostics-research-center-pvt-ltd,bangalore,isha diagnostics research center pvt ltd,karnataka,51-200,
india,,cEM10AmqqYCLK1EOqh1cLQac3bNv,hospital & health care,linkedin.com/company/imrans-eye-hospital---india,malappuram,imrans eye hospital - india,kerala,1-10,iiahsimrans.blogspot.com
india,,bCornZodgdfzy07bfInkxQ8jpdXW,hospital & health care,linkedin.com/company/rs-home-guru-private-limited,delhi,rs home guru private limited,delhi,1-10,
india,,f3XajHi24W4jV48LsnMUsQu1y8jC,hospital & health care,linkedin.com/company/chandigarh-pollution-testing-laborator,mohāli,chandigarh pollution testing laborator,punjab,51-200,
india,,9Uipslxtf6wPMnb7YRrsqwD8bnn6,hospital & health care,linkedin.com/company/expander-fitness-services-private-limited,lucknow,expander fitness services private limited,uttar pradesh,1-10,
india,,s7V20Be0C8wWfR87Lt9ZHwGktbfD,hospital & health care,linkedin.com/company/veol-medical-technologies-private-limited,navi mumbai,veol medical technologies private limited,maharashtra,1-10,
india,,C2oWTcBA3siaBn14BtS1BQ0O4Gin,hospital & health care,linkedin.com/company/belle-vue-clinic,kolkāta,belle vue clinic,west bengal,51-200,bellevueclinic.com
india,,O3rcHBNT5zep0qjyCQLZPwDtNcvO,hospital & health care,linkedin.com/company/sdm-narayana-heart-centre---india,nagar,sdm narayana heart centre - india,karnataka,1-10,sdmnh.org
india,,IH6UurRbLC4jQKPOFBr6pQdoSGpo,hospital & health care,linkedin.com/company/ravana-ayurvidya,indore tukoganj,ravana ayurvidya,madhya pradesh,1-10,ravanaayurvidya.com
india,,boLd5KWrbjEpIcJt6HqRGACdyADF,hospital & health care,linkedin.com/company/movies-n-more-india-private-limited,mumbai,movies n more (india) private limited,maharashtra,1-10,
india,2021,HsEPqBUb6A1knHmncbGcVAYhBO1n,hospital & health care,linkedin.com/company/thanchospital,chennai,the head and neck centre & hospital,tamil nadu,51-200,
india,,ANCZP7Ge3PxHrtBfqHZchQAfun16,hospital & health care,linkedin.com/company/kfour-entertainment-private-limited,new delhi,kfour entertainment private limited,delhi,1-10,
india,,BH0zR98QKOWhOsjH4mfm1gfjHSkA,hospital & health care,linkedin.com/company/sramani-institute,kolkāta,sramani institute,west bengal,1-10,
india,,sUXYF7vFxOQu7BL1pR9EeQ7Ot4Qf,hospital & health care,linkedin.com/company/wobble-base-bioresearch-private-limited,pune,wobble base bioresearch private limited,maharashtra,1-10,
india,,ZdJao8cLflhlXXJTXINBVQdDRybM,hospital & health care,linkedin.com/company/paras-medicare-private-limited,pune,paras medicare private limited,maharashtra,1-10,
india,2019,ovoZIaSVW6700H3jCWLt1g85MnUo,hospital & health care,linkedin.com/company/sixd-healthcare-private-limited1,chennai,sixd healthcare private limited,tamil nadu,11-50,6dhealthcare.com
india,,SAtuCGrKrnJGE3fib1x9lAfgOYXS,hospital & health care,linkedin.com/company/sukhi-hospital-&-iccu-bodeli,bodeli,sukhi hospital & iccu bodeli,gujarat,1-10,sukhi-hospital-bodeli.business.site
india,,3gP9XNkA1hKfPBFhRz39OQgjKYrM,hospital & health care,linkedin.com/company/arneja-hospital,nāgpur,arneja heart & multispeciality hospital,maharashtra,201-500,arnejaheartinstitute.com
india,,od1jVgGChl1FABhH3C2YCgAwt3Qy,hospital & health care,linkedin.com/company/v2-care-facilities-outsource-private-limited,bangalore,v2 care facilities outsource private limited,karnataka,201-500,
india,,8ZqyvkGuiBSNgLOaClQObA4uo2iB,hospital & health care,linkedin.com/company/himanshu-pharmaceuticals-private-limited,bangalore,himanshu pharmaceuticals private limited,karnataka,1-10,
india,,7BTg1EBu6zXTcuE67LDW0gnk7YLx,hospital & health care,linkedin.com/company/olive-diagnostics-private-limited,raigarh,olive diagnostics private limited,chhattisgarh,1-10,
india,,Ldjd3ooy8iOC66bgVDEsCQZSm0rE,hospital & health care,linkedin.com/company/killer-whale-productions-private-limited,mumbai,killer whale productions private limited,maharashtra,1-10,
india,,677MJgl33vspQNB5BST4NgxHAJqH,hospital & health care,linkedin.com/company/svas-med-private-limited,new delhi,svas med private limited,delhi,1-10,
india,,RoN3iwib9ph7PDnP1hF5IgX7Kii3,hospital & health care,linkedin.com/company/life-ok-diagnostic-center,bandikui,life ok diagnostic center,rajasthan,1-10,life-ok-diagnostic-center.business.site
india,,n4dh2KND8srCSh3QdnSG4QBOdZEv,hospital & health care,linkedin.com/company/mumbai-movies-private-limited,mumbai,mumbai movies private limited,maharashtra,1-10,
india,2019,rJbpVBjYq8a3WIDinadF9gZKjU6U,hospital & health care,linkedin.com/company/mch-hospital,muzaffarpur,mch hospital,bihar,11-50,
india,,5OZ9lgeyGUkLF5nQaCAWrA4K7bXZ,hospital & health care,linkedin.com/company/midas-hospital,nāgpur,midas hospital,maharashtra,501-1000,
india,,pug0hTgLnBnCqbQu100rUgVP1ss4,hospital & health care,linkedin.com/company/true-education-india-private-limited,nāgpur,true education india private limited,maharashtra,1-10,
india,,WaCxaMRZ1k4hnCCQLGVEpQE2Rv7J,hospital & health care,linkedin.com/company/combined-health-services-private-limited,meerut,combined health services private limited,uttar pradesh,1-10,
india,,BSZ7ebnd4mGX9mCwtysAAwdEHCfw,hospital & health care,linkedin.com/company/vatsalyaa-edutech-private-limited,lokmanya nagar indore,vatsalyaa edutech private limited,madhya pradesh,1-10,
india,,5Su1LQ3OJJaP5qIYVOOzqwydZrrt,hospital & health care,linkedin.com/company/calitron-calibration-laboratories,nigdi,calitron calibration laboratories,maharashtra,51-200,
india,2022,zUCrVlY017hvQGtTqZ0ohgK7NCGN,hospital & health care,linkedin.com/company/afifa,mumbai,afifa projects,maharashtra,11-50,afifacare.com
india,,7EFwPdwshzvnvDoWpTUxpAba8mJN,hospital & health care,linkedin.com/company/parihar-ivf,ajmer,parihar ivf,rajasthan,51-200,pariharivf.com
india,2011,K4lN38Z2m71bGgd7BoDEtgjK3hBG,hospital & health care,linkedin.com/company/beau-visage-skin-clinic,chandīgarh,beau visage skin clinic,chandigarh,1-10,beauvisageskinclinic.com
india,2006,lHuWuBF7WdmAtpv5srx2VQ9lUT99,hospital & health care,linkedin.com/company/excel-life-sciences,noida,excel life sciences pvt. ltd.,uttar pradesh,51-200,excellifesciences.com
india,,iIGpRL2XlqggO9evib5T9Qs8YE4x,hospital & health care,linkedin.com/company/tru-care-diagnostics,hyderābād,tru care diagnostics,telangana,1-10,tru-care-diagnostics.business.site
india,,MjnjmAsR8CRYGpOen9qBxgzXuKc9,hospital & health care,linkedin.com/company/kids-sky-academy-private-limited,sātāra,kids sky academy private limited,maharashtra,1-10,
india,,qWi0SG9mYpgSSy460PuBZQ6JUFnh,hospital & health care,linkedin.com/company/g5a-foundation-for-contemporary-culture,mumbai,g5a foundation for contemporary culture,maharashtra,1-10,
india,1970,XFlxIYYRQUhf7sgdkcHY5gUyS65c,hospital & health care,linkedin.com/company/restoknee-healthcare-private-limited,ahmedabad,restoknee healthcare private limited,gujarat,1-10,
india,,qWQqBPr8aS0e7tD0oRSMBgSpD2CF,hospital & health care,linkedin.com/company/century-rayon-hospital-trust,thāne,century rayon hospital trust,maharashtra,1-10,centuryrayonhospital.com
india,,bwYH5AOKintLvoZShfWrPwTkCvA0,hospital & health care,linkedin.com/company/edwell-solutions-private-limited,new delhi,edwell solutions private limited,delhi,1-10,
india,,ukTckmNILra1lQBoIVFq3QnxehMQ,hospital & health care,linkedin.com/company/bokaro-club-limited,bokaro steel city,bokaro club limited,jharkhand,1-10,
india,,cD4QqprvwoU4mWtD1b2CmwsZ30EN,hospital & health care,linkedin.com/company/gourihomeohealthway,secunderābād,gouri healthway,telangana,1-10,gourihealthway.com
india,2007,WqyLlc3ek0VHYD3UBDPvnw4Iofem,hospital & health care,linkedin.com/company/become-parents-surrogacy,mumbai,become parents surrogacy,maharashtra,11-50,becomeparents.com
india,,q8IrICPIBh794vomQ4zBvwgrlcKi,hospital & health care,linkedin.com/company/mahindru-hospitals-private-limited,delhi,mahindru hospitals private limited,delhi,1-10,
india,,Wpr8fzvLGrCBoJqToQOmNACuCXtq,hospital & health care,linkedin.com/company/spidergems-softlab,chennai,spidergems softlab,tamil nadu,201-500,
india,,nCliRQ1PCBBVeKIGCpvQsANf4f8Y,hospital & health care,linkedin.com/company/sri-nagalakshmi-dyes-and-silks-private-limited,bangalore,sri nagalakshmi dyes and silks private limited,karnataka,1-10,
india,2017,7fkU8pGnCPq6PBPXskvnBQ6hnK4j,hospital & health care,linkedin.com/company/spd-india-healthcare-pvt-ltd,new delhi,spd india healthcare pvt. ltd.,delhi,11-50,spdindia.com
india,,sWPzFIs70UBidEChuaNziQmROj8I,hospital & health care,linkedin.com/company/maheswari-electronics-and-cable-t.v.private-limited,bangalore,maheswari electronics and cable t.v.private limited,karnataka,1-10,
india,,oNE6HB2JcIqYv5sVCCUBmA7kcnTA,hospital & health care,linkedin.com/company/centre-for-reforms,new delhi,centre for reforms,delhi,1-10,
india,,gWiByJ1P8cRm8IpE1WXtiQ5C3QaD,hospital & health care,linkedin.com/company/sure-care-homeopath,hyderābād,sure care homeopath,telangana,51-200,surecare.in
india,,oCjmhrodD79fkBgSBVreogXXKnvm,hospital & health care,linkedin.com/company/govt.medical-college-hospital-blood-bank,manjeri,govt.medical college hospital blood bank,kerala,1-10,govtmedical-college-hospital-blood-bank.business.site
india,,FStQxfSLghetXfMsSVMNFAbUki4M,hospital & health care,linkedin.com/company/kesar-education-network-priv-limited,amritsar,kesar education network priv limited,punjab,1-10,
india,2020,9DXge6POQKHgjVVyW4CtiweMS1sr,hospital & health care,linkedin.com/company/infinity-care-hospital,vārānasi,infinity care hospital,uttar pradesh,201-500,
india,,FrCwbLYCoNaPSPkxfckfmQ2Tbj6i,hospital & health care,linkedin.com/company/prakash-hospital---india,pune,prakash hospital - india,maharashtra,1-10,prakashhospitalpune.in
india,,0r7PWjaJPBJYuAntBqLfgQpxXMjZ,hospital & health care,linkedin.com/company/darpan-diagnostic-centre-private-limited,hīrāpatti,darpan diagnostic centre private limited,uttar pradesh,1-10,
india,2017,AVZBVzUkElm4MUx2PouQhgPUvq1c,hospital & health care,linkedin.com/company/scito,ghāziābād,scito medical services,uttar pradesh,1-10,scito.ga
india,,z3CdR4rTqumZB3j8LNEUZgu45qTL,hospital & health care,linkedin.com/company/acharyashree-bhikshu-govt-hospital,new delhi,acharyashree bhikshu govt. hospital,delhi,1-10,
india,,cI1TwihZs7fMqEhs2L2PHQNCmU5i,hospital & health care,linkedin.com/company/questionmark-communication-private-limited,delhi,questionmark communication private limited,delhi,1-10,
india,,YZ0xYXm3yajLnHkRYJl5CAYU7JtR,hospital & health care,linkedin.com/company/sarb-multiplex-priv-limited,jalandhar,sarb multiplex priv limited,punjab,1-10,
india,,bhfbCNXNzGq4kpnnpfMDgQIaHTCu,hospital & health care,linkedin.com/company/prakartik-chikitsalaya,jaipur,prakartik chikitsalaya,rajasthan,1-10,prakratikchikitsalaya.com
india,,fQRMY9SvjoX7buBjCALsUQgtK7x7,hospital & health care,linkedin.com/company/aadhaar-life-sciences-private-limited,navi peth solapur,aadhaar life sciences private limited,maharashtra,1-10,
india,1995,aTXScRRhJ2T7uqaL4LSokwhHtdSv,hospital & health care,linkedin.com/company/mangalorecollegeofnursing,mangalore,mangalore group of institutions,karnataka,501-1000,mangalorecollegeofnursing.com
india,,rUqgmskgDSgFWCDaagemcgbCwkJ8,hospital & health care,linkedin.com/company/scalaclinicofficial,hyderābād,scala clinic,telangana,11-50,
india,,vL4Ts1Li5GbfUFUtgJ2q1grYMqyp,hospital & health care,linkedin.com/company/sagar-health-care-&-diagnostic-services-private-limited,bangalore,sagar health care & diagnostic services private limited,karnataka,1-10,
india,,prj2vjNA6oSECuucswAqCgT1h1Ry,hospital & health care,linkedin.com/company/malone-properties-and-investmenst-private-limited,mumbai,malone properties and investmenst private limited,maharashtra,1-10,
india,,82dlFh4nEisTWDBFbmH0kwnEaIF8,hospital & health care,linkedin.com/company/broadvision-services-private-limited,jp nagar viii phase,broadvision services private limited,karnataka,1-10,
india,,1isVLJnRiW8HrZ3LkICCngS7Kn87,hospital & health care,linkedin.com/company/antelope-ventures-private-limited,bangalore,antelope ventures private limited,karnataka,1-10,
india,,oQNgWyDWhtenRkTCbsF0qAaY6HKt,hospital & health care,linkedin.com/company/fabwell-health-care,bangalore,fabwell health care,karnataka,201-500,sawan.in
india,,rRf06coQJ4fM8cC4WEP6awINjHX4,hospital & health care,linkedin.com/company/sanjana-herbals-private-limited,gurgaon sector 17,sanjana herbals private limited,haryana,1-10,
india,2010,NCYT0JQtySbLnCNgbD7eAwXzZgQi,hospital & health care,linkedin.com/company/vanamo-care-private-limited,ahmedabad,vanamo care private limited,gujarat,51-200,
india,,Ahl3rZ6D1ThzgZpRamVphQWWC6hU,hospital & health care,linkedin.com/company/glenmax-health-care,new delhi,glenmax health care,delhi,201-500,glenmaxhealthcare.com
india,,DstwaMfRaceOVez4gpc34AP2OZ5K,hospital & health care,linkedin.com/company/pavansai-hospital,vadlapūdi,pavansai hospital,andhra pradesh,1-10,pavansai.xyz
india,,h1dDnBhPeBunDDKZVtr1JwmClzWZ,hospital & health care,linkedin.com/company/sadbhavna,dhaleswar,sadbhavna,tripura,1-10,sadbhavna.info
india,2019,UKwxOcSdcD0cXCZZSf395wJGDPnu,hospital & health care,linkedin.com/company/sai-sukhda-hospital,bareilly,sai sukhda hospital,uttar pradesh,51-200,saisukhdahospital.com
india,,fOBj92wx6O5QEmKtiyb1jAyk8TZr,hospital & health care,linkedin.com/company/akansha-hair-and-skin-care-harbal-unit-private-limited,kolkāta,akansha hair and skin care harbal unit private limited,west bengal,201-500,akanshaherbal.com
india,,dBZl15tjqp0hHQDgdKSlWwXR1gFV,hospital & health care,linkedin.com/company/frame-to-frame-entertainment-private-limited,mumbai,frame to frame entertainment private limited,maharashtra,1-10,
india,,otgUOMOWjyE67jBcLBEBzgE9VfkA,hospital & health care,linkedin.com/company/cosmo-care-cosmetic-clinic,dharwad kalyan nagar,cosmo care cosmetic clinic,karnataka,201-500,cosmocareindia.com
india,,gz15yqfkUDiYWSuEVpWoggzz4yoJ,hospital & health care,linkedin.com/company/medineuro-speciality-clinic---india,,medineuro speciality clinic - india,,1-10,neurologistbangalore.com
india,,EbgAskeYDZpmbgpOL9J53g7kbDqf,hospital & health care,linkedin.com/company/sirius-zip-fasteners-private-limited,bangalore,sirius zip fasteners private limited,karnataka,1-10,
india,,uXAtOKKs6Lenl5uBYMEW7AZqzj53,hospital & health care,linkedin.com/company/fortune-smiles-dental-clinic,kanpur,fortune smiles dental clinic,uttar pradesh,51-200,fortunesmiles.in
india,2020,TgGQs27Av47cJJ4ClbBWWAidMt3O,hospital & health care,linkedin.com/company/ascend-bpo,bangalore,ascend info solutions pvt ltd,karnataka,1-10,linkedin.com/company/ascend-bpo
india,,tX8YWbyGStBpvt9tEbwu4wGhN4yP,hospital & health care,linkedin.com/company/anand-precise-testing-laboratories,farīdābād,anand precise testing laboratories,haryana,51-200,anandlabs.in
india,,JdFcWvv2rom02SWZaYOTfQaM4Xyv,hospital & health care,linkedin.com/company/brand-nutrient-marketing-services-private-limited,new delhi,brand nutrient marketing services private limited,delhi,1-10,
india,1996,aPWlNCEvQKxJLVwYIfsOPAkeBLIh,hospital & health care,linkedin.com/company/tara-surgical,rājkot,tara surgical,gujarat,11-50,tarasurg.com
india,,Bej9JxEJWWb7AwWfzeyKyQz0n6TD,hospital & health care,linkedin.com/company/sk-manpower-services-private-limited,new delhi,sk manpower services private limited,delhi,1-10,
india,2022,TGIUqbVnph4DzEsJAC7McA9OSvn9,hospital & health care,linkedin.com/company/atomic-clinic,vārānasi,atomic clinic,uttar pradesh,11-50,atomicclinic.com
india,2022,QFYnyR1FhrE44fFwsBcxYAYLpt7F,hospital & health care,linkedin.com/company/everycan,noida,aid box,uttar pradesh,11-50,
india,,8VmEQxeWa4U6sRB1xyXqPAPvXuV3,hospital & health care,linkedin.com/company/potdar-dental-clinic---india,gwalior,potdar dental clinic - india,madhya pradesh,1-10,gwaliordentalclinic.com
india,,mgvHzW6MbVr6WOWBic5JvQNBq6JX,hospital & health care,linkedin.com/company/amrutha-multi-speciality-hospital-private-limited,rangareddy dt courts,amrutha multi speciality hospital private limited,telangana,1-10,
india,,1aVam2e3ZtUFVUrtngA7oQixpumf,hospital & health care,linkedin.com/company/aegis-institute-of-computer-education-private-limited,lucknow,aegis institute of computer education private limited,uttar pradesh,1-10,
india,2013,azqLEGYCI4dbEdlV15T5IQCXx9ot,hospital & health care,linkedin.com/company/gaurav-hospital,sīkar,gaurav hospital,rajasthan,11-50,gauravhospitalsikar.com
india,,eiBxumvvbOr8ANXntgp7SwkffZ4B,hospital & health care,linkedin.com/company/lifeworth-diagnostic-centre-pvt-ltd,raipur,lifeworth diagnostic centre pvt ltd,chhattisgarh,1-10,
india,,GjcCEUeBglFe7T1xS8C1HQVNUsQ5,hospital & health care,linkedin.com/company/trinity-erp-research-&-development-private-limited,mumbai,trinity erp research & development private limited,maharashtra,1-10,
india,,q3sDIXSwjbNCPkcMYy6mCADPhndo,hospital & health care,linkedin.com/company/greenix-ventures-private-limited,kochi,greenix ventures private limited,kerala,1-10,
india,2021,UhOQbdhMZfo9yWKB6IiPPwy8Gboc,hospital & health care,linkedin.com/company/akvshealth,ghāziābād,akvshealth,uttar pradesh,11-50,kvshealth.com
india,,VCYzP45X9zmtty3TKIxGTAEA1pVR,hospital & health care,linkedin.com/company/medicurehospital,hyderābād,medicurehospital,telangana,1-10,medicurehospital.com
india,,GkD8oLRCedYPVB6Aok8s8wlZ39OI,hospital & health care,linkedin.com/company/sbd-hospital,sahāranpur,sbd hospital,uttar pradesh,1-10,sbdhospital.in
india,,ppsM9UqyCVbVGJPtJcwAFApEttPP,hospital & health care,linkedin.com/company/navoda-a-medical-college,bangalore,navoda a medical college,karnataka,201-500,
india,2006,ASufQCSwNVjysIKpaZtvUQjxuv7s,hospital & health care,linkedin.com/company/dr-savana-s-homoeo-clinics-wellness-center,t.nagar,dr savana's homoeo clinics & wellness center,tamil nadu,1-10,drsavanashomoeoclinics.com
india,,E7ecgSqYxRJJiGM2olo0hQ3ksTmr,hospital & health care,linkedin.com/company/aadinath-vitalising-home-udaipur,udaipur,aadinath vitalising home udaipur,rajasthan,11-50,aadinathvitalisinghomes.com
india,,76kJ6vk6m5HZgMmkCMkqNQOeuwhW,hospital & health care,linkedin.com/company/maa-durga-nursing-home,gopālpur,maa durga nursing home,west bengal,1-10,maadurganursinghome.in
india,,z1OCeQCorVpxpHxwvJB5bAu9BmEv,hospital & health care,linkedin.com/company/mahalakshmi-dental-lab,hyderābād,mahalakshmi dental lab,telangana,1-10,mldentallab.com
india,1998,rtGfbnKf9nKqlrtiqaassA8JsY0Y,hospital & health care,linkedin.com/company/tirupati-eye-centre,noida,tirupati eye centre,uttar pradesh,11-50,
india,,J6jj54pN9NtDT5OpBKGVRAayRhuJ,hospital & health care,linkedin.com/company/duggals-color-lab,hyderābād,duggals color lab,telangana,51-200,
india,,C62xrbQ7oW7QhGhdXtsWXALKxj7d,hospital & health care,linkedin.com/company/united-sports-football-team-private-limited,shyamnagar,united sports football team private limited,west bengal,1-10,
india,,bRSOeFsapB84PSZuAbCLNAqs3lmZ,hospital & health care,linkedin.com/company/stock-boss-consultancy-private-limited,vadodara,stock boss consultancy private limited,gujarat,1-10,
india,2005,77BgS3BQCWxBBQkpTmfqPws0YYTF,hospital & health care,linkedin.com/company/lifelinehospitalkerala,kāyankulam,"the lifeline multi specialty hospital, adoor",kerala,201-500,lifelinehospitalkerala.com
india,,cj5icLCYCaFhtyRRsL2lWAOHVND0,hospital & health care,linkedin.com/company/roshan-smriti--luxury-senior-living-and-care-home,ghāziābād,roshan smriti- luxury senior living and care home,uttar pradesh,1-10,roshansmriti.com
india,,HxddCzEURSVD35zWq2l4JAJRhwmA,hospital & health care,linkedin.com/company/core-dental-and-orthodontic-clinic,pune,core dental and orthodontic clinic,maharashtra,1-10,
india,,pH80vLW9K0fuvg46y8FyegokaSuw,hospital & health care,linkedin.com/company/zilme-hospitals-private-limited,bangalore,zilme hospitals private limited,karnataka,1-10,
india,,cbUuXsxBuPlwVgGmrCasugtUxhGm,hospital & health care,linkedin.com/company/sukhda-hospital,new delhi,sukhda hospital,delhi,11-50,sukhdahospital.com
india,,tkD4li2k86Ark6MxyG4fygNEEZo3,hospital & health care,linkedin.com/company/amrit-exclusive-medical-books,indore,amrit exclusive medical books,madhya pradesh,51-200,amrutbooks.com
india,,dJjc2YMHPcWlV7e6m2JtTQIDSU5C,hospital & health care,linkedin.com/company/modluk-business-designers-private-limited,delhi,modluk business designers private limited,delhi,1-10,
india,,3TJL5qlRyxJllG6hNB8vBAbPtFzx,hospital & health care,linkedin.com/company/shree-vallabh-group,state bank of india,shree vallabh group,telangana,201-500,shreevallabhgroup.com
india,2020,BXVFaF3eedekaJBbqlcnswGV3Ofz,hospital & health care,linkedin.com/company/urbanpulseherboceuticals,noida,urban pulse herboceuticals,uttar pradesh,11-50,urbanpulseherboceuticals.com
india,,b1cmpjtMkBZEv2L9gCRPSABKA41j,hospital & health care,linkedin.com/company/phycare-services-india-private-limited,hyderābād,phycare services (india) private limited,telangana,1-10,
india,,tgfOkjFeAQKt9aDWLBmhWgVrBlf4,hospital & health care,linkedin.com/company/students-health-home,kolkāta,students health home,west bengal,1-10,studentshealthhome.org
india,,qsYYGTWvOreHLIEO9vzYcwGlHlP8,hospital & health care,linkedin.com/company/british-oak-tree-private-limited,new delhi,british oak tree private limited,delhi,1-10,
india,,LC6nxlL3BA0t51fskHMBKAUA7b2B,hospital & health care,linkedin.com/company/dr.-wali-mohammed-khan-dental-care-private-limited,jaipur,dr. wali mohammed khan dental care private limited,rajasthan,1-10,
india,,Pgdg1pp02JXXnJD4KNpt1ACTjieX,hospital & health care,linkedin.com/company/independent-cinematics-studios-private-limited,bangalore,independent cinematics studios private limited,karnataka,1-10,
india,1996,01wAt2uPydxvydD41kEflwkA4v3D,hospital & health care,linkedin.com/company/winzip-educational-services-private-limited,thāne,winzip educational services pvt ltd,maharashtra,1-10,
india,,zhAB7p3IcXgnDtsMQJl6VgNWYvd1,hospital & health care,linkedin.com/company/re1perday,temporary p.o.,re1perday,west bengal,51-200,reoneperday.com
india,2020,98KCCYvif4v0GBrPLqHHxgxsqlAq,hospital & health care,linkedin.com/company/dr-care-physiotherapy,kondapur,dr.care physiotherapy,telangana,1-10,drcarephysiotherapy.com
india,,DWLfZ8a32cv8cpwZRwmSGQr3lciE,hospital & health care,linkedin.com/company/nis-it-solutions-nagpur-private-limited,mumbai,nis it solutions (nagpur) private limited,maharashtra,1-10,
india,,ahzE0eovHLC8rYuCsCBc0Qt12lc5,hospital & health care,linkedin.com/company/belgaum-green-environmental-management-private-limited,bangalore,belgaum green environmental management private limited,karnataka,1-10,
india,2024,TUTzdePvrfNyGmQEYJ4EYwgF322t,hospital & health care,linkedin.com/company/sp-medifort-hospital,thiruvananthapuram,sp medifort hospital,kerala,1001-5000,spmedifort.com
india,,PBpFM9P3gTAmC2VEilkrMQJkjoCE,hospital & health care,linkedin.com/company/aricia-healthcare,ghansoli,aricia healthcare,maharashtra,201-500,ariciahealthcare.com
india,2009,m1t79XwWncy0j0oKOWUZbA1fdhZx,hospital & health care,linkedin.com/company/vgmgastrocentre,coimbatore,vgm gastro centre,tamil nadu,51-200,vgmgastrocentre.com
india,,ylrTn6gCO6IYD7gm1oqJ6A4sjDBN,hospital & health care,linkedin.com/company/kalpataru-nidan-sansthan-private-limited,gorakhpur,kalpataru nidan sansthan private limited,uttar pradesh,1-10,
india,2011,6ll6QfOxUCKmtWCjrg2Howat2eDe,hospital & health care,linkedin.com/company/swetaranya-ayurvedasram,malappuram,swetaranya ayurvedasram,kerala,11-50,swetaranya.com
india,,sTIrse7yW0fRndJNh0Sn6gcshxzQ,hospital & health care,linkedin.com/company/disha-foundation-association,kolkāta,disha foundation association,west bengal,1-10,
india,,MKR2VngL4tlKLemTcHbd8gErEd7E,hospital & health care,linkedin.com/company/sevasadanam,kanattukara,sevasadanam,kerala,1-10,sevasadanam.info
india,,blhvBpNN4Em2HbDmKNQDngNHL5Po,hospital & health care,linkedin.com/company/gaurav-diagnostic-&-dental-care-centre,rampura phul,gaurav diagnostic & dental care centre,punjab,1-10,gauravdiagnostic.business.site
india,,TZv4R5BMb7vX8eq67Vk3CANyy4lN,hospital & health care,linkedin.com/company/vapi-real-estate-developer's-association,wāpi,vapi real estate developer's association,gujarat,1-10,
india,,SiWR34fCauwMGclDoUoPzg96bE0U,hospital & health care,linkedin.com/company/d-tech-orthodontics-private-limited,pune,d tech orthodontics private limited,maharashtra,1-10,
india,,zw6JjG3XxBDOWK3ipewBpAchLh0G,hospital & health care,linkedin.com/company/ireg-software-technologies-private-limited,bangalore,ireg software technologies private limited,karnataka,1-10,
india,2022,eq0pk1CYCiorvzeRz8OE9wgnU9p7,hospital & health care,linkedin.com/company/clinimed-carelabs,kolkāta,clinimed carelabs,west bengal,11-50,clinimedcarelabs.in
india,,HL2UcIJasxEGPpf5g3zjkQ7Fvtc7,hospital & health care,linkedin.com/company/clinostep-clinic-at-your-doorstep,ahmedabad,clinostep - clinic at your doorstep,gujarat,1-10,clinostep.com
india,,SH8OHmLm1NUrIrH8OD0I6QYW65mn,hospital & health care,linkedin.com/company/embrio-ivf-centre,pune,embrio ivf centre,maharashtra,11-50,embrio.in
india,,rDP9l8jmjciLHj9CuDvr9gQERyLe,hospital & health care,linkedin.com/company/authentic-healthcare-services-private-limited.,new delhi,authentic healthcare services private limited.,delhi,1-10,
india,,9Y11iODz29lznaPll7JNlQNd0G4J,hospital & health care,linkedin.com/company/milaap-foundation,delhi,milaap foundation,delhi,1-10,
india,,aaXadLzTcFyDICN1nZ9YcAeyBLBo,hospital & health care,linkedin.com/company/dr-anant-ram-janta-hospital-private-limited,hisar,dr anant ram janta hospital private limited,haryana,1-10,
india,,K1nhZX3N1yE6D5BY7RozAAoeZFVo,hospital & health care,linkedin.com/company/av-a-health-and-fitness,new delhi,av a health and fitness,delhi,201-500,fit24fitness.com
india,2004,r5fmNSiTmOBDnVOqLuUhUgYnPGXW,hospital & health care,linkedin.com/company/aakriti-labs,jaipur,aakriti labs,rajasthan,51-200,aakritilabs.com
india,,dNdaNgnyno997ef7OB8STQzkFinl,hospital & health care,linkedin.com/company/aprica-healthcare-private-limited,ahmedabad,aprica healthcare private limited,gujarat,51-200,apricahealthcare.com
india,,0kht7DlHZE4HpCknRZ9LegRbbnYt,hospital & health care,linkedin.com/company/osr-teleservices-private-limited,noida,osr teleservices private limited,uttar pradesh,1-10,osrtel.com
india,1991,gimoKFoUj3JtqFt0FS2DLgqcKtqM,hospital & health care,linkedin.com/company/premierhospital,hyderābād,premier hospital,telangana,51-200,premierhospital.in
india,,kvrJ7e2O08cVq8grQ21vAgWVi9bV,hospital & health care,linkedin.com/company/the-physiotherapy-centre-india,thāne,the physiotherapy centre,maharashtra,1-10,
india,,5actEjI4UmvXqwubGkBDBApFRLgs,hospital & health care,linkedin.com/company/bhopal-fracture-hospital,bhopāl,bhopal fracture hospital,madhya pradesh,1-10,bhopalfracturehospital.com
india,,pfXTO6g22xtOrJ9zhWvxuArHZ84W,hospital & health care,linkedin.com/company/g-v-g-aesthetic-health-centre,bangalore,g v g aesthetic health centre,karnataka,201-500,
india,,RebgIvoyk0NRrAOfBP6nsAwuRZBX,hospital & health care,linkedin.com/company/capital-super-specialty-hospital,ambāla,capital super specialty hospital,haryana,11-50,capitalsuperspecialityhospital.com
india,,Pj7TMNlJD4gdwhQ7jHiH1wWkPhjv,hospital & health care,linkedin.com/company/manasaa-homoeo-health-care,chennai,manasaa homoeo health care,tamil nadu,201-500,manasaahomoeo.com
india,,fwyZ2uxW49Svqz73OdMVVgTbY2Mt,hospital & health care,linkedin.com/company/vedicus,yamunānagar,vedicus,haryana,11-50,vedicus.com
india,,agi8tWzoeoQaHqd2inPixAjplKN7,hospital & health care,linkedin.com/company/washim-clinical-patholigy-laboratory,wāshīm,washim clinical patholigy laboratory,maharashtra,1-10,washim-clinical-patholigy-laboratory.business.site
india,,cePmTXDHKTw4lZmI0VJ8Bwn7TbEI,hospital & health care,linkedin.com/company/ganesh-food-productts-private-limited,bangalore,ganesh food productts private limited,karnataka,1-10,
india,,FoxFux2eoxNx6Qm9OeSfNwKxmkwa,hospital & health care,linkedin.com/company/arora's-dental-clinic,new delhi,arora's dental clinic,delhi,201-500,aroradentistindelhi.in
india,2019,pslMh9Jye5B75TljgIGxjQiBTW1i,hospital & health care,linkedin.com/company/curastexmedihealth,patna,curastex medihealth,bihar,1-10,curastexmedihealth.com
india,,84695YtIB9g75IzGyHiR8woxwht8,hospital & health care,linkedin.com/company/innovative-study-circle-private-limited,bhopāl,innovative study circle private limited,madhya pradesh,1-10,
india,,WbtCMkZVKGtAgW7jXJa64wiFWJvE,hospital & health care,linkedin.com/company/sunrise-classes-private-limited,būndi,sunrise classes private limited,rajasthan,1-10,
india,,Rj0QYRWWuQArff0GauS1dA43i4Ar,hospital & health care,linkedin.com/company/fare-labs-private-limited,new delhi,fare labs private limited,delhi,1-10,
india,2010,T2zER1qCeicBsfB7nCtJfgRlJdlZ,hospital & health care,linkedin.com/company/glocal-knowledge-&-skills-integration-systems-pvt-ltd,new delhi,glocal knowledge & skills integration systems pvt ltd,delhi,201-500,gnosis.ind.in
india,,K9V69aePbej0Xi877HdKBQEJTMpu,hospital & health care,linkedin.com/company/career-craft-udaipur,udaipur,career craft udaipur,rajasthan,51-200,
india,,FylmlHXK3iJVzIOJWyeMDAmyl4xH,hospital & health care,linkedin.com/company/hindustan-ceramics-limited,delhi,hindustan ceramics limited,delhi,1-10,
india,,YQ4b7jmHewKO4QaCrAa7BgJhyLzr,hospital & health care,linkedin.com/company/axis-skin-clinic-and-laser-centre,model town,axis skin clinic and laser centre,punjab,51-200,drritulaiker.com
india,,KCFqbev8AI4369rIZnNieQg4e9X1,hospital & health care,linkedin.com/company/nivaran-pathology-&-diagnostic-centre---india,aliganj extension,nivaran pathology & diagnostic centre - india,uttar pradesh,1-10,nivarandiagnostic.com
india,,BQcTNsBskMjQtIDWCZejrQ4jW0B1,hospital & health care,linkedin.com/company/bls-management-solutions-private-limited,new delhi,bls management solutions private limited,delhi,1-10,
india,,83VQ1JjoCga5EgECsBsRMQf8QVn7,hospital & health care,linkedin.com/company/aksr-entertainment-private-limited,bangalore,aksr entertainment private limited,karnataka,1-10,
india,,U2Zh4ZRictrfkzNdO6z7vAEQnoyQ,hospital & health care,linkedin.com/company/sterling-accuris-wellness-private-limited,ahmedabad,sterling accuris wellness private limited,gujarat,1-10,
india,,6zV7Bt4RBErfpVB3tu0kbAQZXSv3,hospital & health care,linkedin.com/company/pacsuntech-solutions-software-private-limited,bangalore,pacsuntech solutions software private limited,karnataka,1-10,
india,,s1RQNfHPxEQhgUlYAMNjZwgPVg7l,hospital & health care,linkedin.com/company/vivobio-labs-private-limited,hyderābād,vivobio labs private limited,telangana,1-10,
india,,2C4Z7Ea0d3llJJUzL7n6yAsuFujb,hospital & health care,linkedin.com/company/sri-lakshmi-clinical-laboratory,ambajipeta,sri lakshmi clinical laboratory,andhra pradesh,1-10,sri-lakshmi-lab-abj.business.site
india,2022,23PurcAiT5aTqfe27ccNpQlUaI0D,hospital & health care,linkedin.com/company/sahobuddy,ahmedabad,sahobuddy,gujarat,1-10,instagram.com/sahobuddy
india,,Sf6D0Ov3L0NxhWM06cFTFg6sOi4A,hospital & health care,linkedin.com/company/accurate-billing-&-consulting-services-india-private-limited,hyderābād,accurate billing & consulting services (india) private limited,telangana,1-10,
india,2005,jMA6nRXOmB20ggJAtXZU2w74FiEc,hospital & health care,linkedin.com/company/ફિઝિયોથેરાપી-સારવાર,ahmedabad,ફિઝિયોથેરાપી સારવાર,gujarat,1-10,physiotherapygujarati.in
india,,VV1l7fA1UpSlDZ69ddmZCwZsXCtE,hospital & health care,linkedin.com/company/nilgiri-data-systems-private-limited,kolkāta,nilgiri data systems private limited,west bengal,1-10,
india,2006,FWor31YeuUe2xINKdPj8nQhMNGZ4,hospital & health care,linkedin.com/company/hassan-institute-of-medical-sciences-hassan,hassan,"hassan institute of medical sciences, hassan",karnataka,1001-5000,
india,,BmkYkceXBBiFRfR2KHhYNAX0tyPw,hospital & health care,linkedin.com/company/jollykids-educations-india-private-limited,bangalore,jollykids educations india private limited,karnataka,1-10,
india,,yNeJgKUNUjE57E5MfijzFQz1gj87,hospital & health care,linkedin.com/company/pharmaceutical-industry-news,pune,💊 pharmaceutical industry news,maharashtra,51-200,
india,,eb0nPYGzStpWQW9LfMeC6wl4nBBk,hospital & health care,linkedin.com/company/bhanavi-hospital---india,,bhanavi hospital - india,,1-10,bhanavihospital.com
india,,bNzGeADnsNPIu37ltQVlNQ6QtODe,hospital & health care,linkedin.com/company/the-joint-hospital,sonīpat,the joint hospital,haryana,51-200,thejointhospital.in
india,,hkp5Id1eswXisIhHWXQiKArd405e,hospital & health care,linkedin.com/company/mind-genius-education-private-limited,mumbai,mind genius education private limited,maharashtra,1-10,
india,,a2CDO7KBQNDZTqqoIdV9RwyApfv1,hospital & health care,linkedin.com/company/bhutada-dental-gum-care-and-implant-clinic,nāgpur,bhutada dental gum care and implant clinic,maharashtra,51-200,dentistatnagpur.com
india,,qw3TFPWPYfFBL5rTzBR49g8p2u7n,hospital & health care,linkedin.com/company/nulife-multispeciality-hospital-private-limited,thāne,nulife multispeciality hospital private limited,maharashtra,1-10,
india,,56dyAmx7YR2gvW7X6kuuawda9RkL,hospital & health care,linkedin.com/company/labworld-plus,mumbai,labworld plus,maharashtra,51-200,labworldplus.com
india,,gQ1Bq3N6GW2VpM47CpUgLwpoxqJU,hospital & health care,linkedin.com/company/soni-hospital-&-laproscopic-centre,rajpura,soni hospital & laproscopic centre,punjab,1-10,soni-hospital.business.site
india,,0L0XELbL5DiIW8nkKa45WwbXNrrn,hospital & health care,linkedin.com/company/glorious-media-victory-academy-private-limited,geeta colony,glorious media victory academy private limited,delhi,1-10,
india,,qS4Co3MD7J6f8WuZC5Fp4AGS9nLK,hospital & health care,linkedin.com/company/yasmin's-body-image-private-limited,mumbai,yasmin's body image private limited,maharashtra,1-10,
india,,ABCPgO4ZNgEPFbTBVSpE1ATEWkkk,hospital & health care,linkedin.com/company/windsock-consultancy-private-limited,chennai,windsock consultancy private limited,tamil nadu,1-10,
india,,dBxzWPAw2x4tehZpD3ehzwAigPsm,hospital & health care,linkedin.com/company/green-grass-media-&-films-private-limited,chennai,green grass media & films private limited,tamil nadu,1-10,
india,,p6B5S4G0DBSf0bcD3SuwrwbFT622,hospital & health care,linkedin.com/company/careersmenu-learning-resources-private-limited,kanpur,careersmenu learning resources private limited,uttar pradesh,1-10,
india,,DwZfvRTQLcfuFZn7auGBCw4DtOC8,hospital & health care,linkedin.com/company/madha-medical-college-&-research-institute,māngādu,madha medical college & research institute,tamil nadu,1-10,madha-medical-college-and-research-institute.business.site
india,,UK5WkMREUMeIKEden8CoTQNTxnk3,hospital & health care,linkedin.com/company/good-health-medicos,new delhi,good health medicos,delhi,1-10,
india,,movnvsFOU5kG2BFxuid7mAA4QKIa,hospital & health care,linkedin.com/company/arog-adham-hospital,jawahar colony faridabad,arog adham hospital,haryana,51-200,drshaileshjain.in
india,,ZITKmvXPSw5QHfoGpSWv5A42lHXN,hospital & health care,linkedin.com/company/symbiosis-hospital-and-research-centre-private-limited,sātāra,symbiosis hospital and research centre private limited,maharashtra,1-10,
india,,2hteSC907idnflHOEgHe0g2tCXmG,hospital & health care,linkedin.com/company/unittas-in-in,conjeeveram,unittas in in,tamil nadu,1-10,
india,2010,Fefxq5CPXFej6WPm9mUFzwO8lFsy,hospital & health care,linkedin.com/company/aastha-maternity-laparoscopy-centre,aashiana,aastha maternity & laparoscopy centre,uttar pradesh,11-50,aasthasurgery.com
india,1981,ZmN3UjLFjc1VKKOVRau96ACUvkDd,hospital & health care,linkedin.com/company/vdcconnect,hyderābād,vijaya diagnostic centre limited,telangana,1001-5000,vijayadiagnostic.com
india,2016,4cnGH7zTa2cNoNZPJqoH6wCPMl6s,hospital & health care,linkedin.com/company/capline-services,noida,capline services pvt ltd,uttar pradesh,51-200,
india,,aVmw1MUdHgfK12SFNcCcHgGmq78O,hospital & health care,linkedin.com/company/indian-educare-private-limited,vijay nagar,indian educare private limited,madhya pradesh,1-10,
india,,hFVz3hRD9LQTAyhqMx5WQAzH9AjG,hospital & health care,linkedin.com/company/indo-latin-american-chamber-of-commerce-&-industry,chennai,indo-latin american chamber of commerce & industry,tamil nadu,1-10,
india,1985,YEshXC5K58aXVQRFSbHWmAUb19fu,hospital & health care,linkedin.com/company/altus-care-orthopaedics-and-sports-rehab,mumbai,altus care- orthopaedics and sports rehab,maharashtra,11-50,altuscare.in
india,,psRMEXNhQfGbkCKNlsM5qQfuB6r8,hospital & health care,linkedin.com/company/ilizarovaow,indore,aow ilizarov center,madhya pradesh,1-10,aowilizarov.com
india,,f2eKTfN02UC2MZ3SuGEsBArQG7SN,hospital & health care,linkedin.com/company/q-tec-management-services-india-private-limited,chennai,q-tec management services india private limited,tamil nadu,1-10,
india,,bCeuK251wB71I0HTRAVp2Q5NATQm,hospital & health care,linkedin.com/company/cine-gold-film-production-priv-limited,jalandhar,cine gold film production priv limited,punjab,1-10,
india,,pbPFZqf221lCmClQeNo8eQalm7Ne,hospital & health care,linkedin.com/company/goa-fashion-week-private-limited,pune,goa fashion week private limited,maharashtra,1-10,
india,,VEG5ldsvu6ezJRImtT7lRAgOvzuv,hospital & health care,linkedin.com/company/cure-hospital,vijayawada,cure hospital,andhra pradesh,1-10,curehospital.business.site
india,,q1fC6a1CFUDhJYuf4ufOswwDJg5a,hospital & health care,linkedin.com/company/blosil-labtech-pvt.-ltd.,,blosil labtech pvt. ltd.,,1-10,
india,,TnRB6U2rQog8ycYvwEQCIgGF5bOC,hospital & health care,linkedin.com/company/dr-raj-s-dental-clinic,raipur,dr raj s dental clinic,chhattisgarh,51-200,drrajdentalclinic.com
india,,TQFvvv5t1ISle13MUPT2aQjALsrk,hospital & health care,linkedin.com/company/dr.-pauls-research-laboratories-private-limited,indira nagar,dr. pauls research laboratories private limited,uttar pradesh,1-10,
india,,n6qCsUHgqywsIZ5EJKr3TQAfL7GQ,hospital & health care,linkedin.com/company/gnrc-hospital---india,guwāhāti,gnrc hospital - india,assam,1-10,
india,,PiWCewJDdvAy0KMW1mGCQwImPusk,hospital & health care,linkedin.com/company/pooja-movie-creations-private-limited,noida,pooja movie creations private limited,uttar pradesh,1-10,
india,,x4jwZgKoGXxIMXWVQCXbOAbZxpIl,hospital & health care,linkedin.com/company/arshsuperspeciality,gaya,arsh superspeciality hospital,bihar,201-500,arshhospitals.com
india,,L23npMYVA25JxfDFAS06dgZW7yrT,hospital & health care,linkedin.com/company/jalam-environment-private-limited,hyderābād,jalam environment private limited,telangana,1-10,
india,,WZd72oCMxHoNXi49BOFgGgG5syzm,hospital & health care,linkedin.com/company/anveshika-edutech-services-private-limited,dehra dūn,anveshika edutech services private limited,uttarakhand,1-10,
india,,PKbYCKCvwWi24n1oIeOBzwrQ0VKT,hospital & health care,linkedin.com/company/tela-dental-clinic-and-research-centre-private-limited,vaishali nagar ajmer,tela dental clinic and research centre private limited,rajasthan,1-10,
india,,jA9Zw5BAft92LlCqBthcmQChxcQr,hospital & health care,linkedin.com/company/k-c-multispeciality-hospita..,chennai,k c multispeciality hospita..,tamil nadu,1-10,kchospitals.com
india,,BMiE46nUsfdYSIpkbmnSQgPywDid,hospital & health care,linkedin.com/company/sahaj-info-media-private-limited,gāndhīdhām,sahaj info media private limited,gujarat,1-10,
india,2019,94W56Wdn8nApU6bacNJA2wh08Zwd,hospital & health care,linkedin.com/company/the-dental-material-shop,thiruvananthapuram,the dental material shop,kerala,11-50,thedentalmaterialshop.com
india,,wulq6AAJi8DZbQJIhqaqNgotB46u,hospital & health care,linkedin.com/company/samraddhi-facilities-management-private-limited,mumbai,samraddhi facilities management private limited,maharashtra,1-10,
india,2016,UWiM8fQy7FMthtor7iDVSAnD3OvE,hospital & health care,linkedin.com/company/ojasgroup,jammu,ojas life sciences,jammu and kashmir,11-50,ojaslifesciences.com
india,2017,4fB9eRKsoUGZ3FF7TyNu8An1aJuS,hospital & health care,linkedin.com/company/bluedental-chennai,anna nagar east,blue dental,tamil nadu,11-50,bluedental.in
india,2007,zbTXx8CVS4g9tCHttHOgzQPt3XGk,hospital & health care,linkedin.com/company/iswarya-group-of-siddha-hospitals,tiruppūr,iswarya group of siddha hospitals,tamil nadu,51-200,iswaryasiddhahospital.in
india,,DtgVWxZKjsqpox7gFmNhAwgwYczQ,hospital & health care,linkedin.com/company/maple-nursing-home-pvt-ltd,kolkāta,maple nursing home pvt ltd,west bengal,1-10,
india,,6dzpgYyRTa7BqSHvGpKsLA4AN6AW,hospital & health care,linkedin.com/company/berkowits-franchising-private-limited,mumbai,berkowits franchising private limited,maharashtra,1-10,
india,,x4rnHmwGL8Hsr1zhXaOOHgJv8506,hospital & health care,linkedin.com/company/celeb-sports-&-events-private-limited,mumbai,celeb sports & events private limited,maharashtra,1-10,
india,2007,XncT24y5b4LKr5jbw5d49wEEujLN,hospital & health care,linkedin.com/company/best-hearing-solutions,greater kailash,best hearing solutions,delhi,11-50,besthearingsolutions.com
india,,rgnuU1dw197iderZU8bNfgpwJ1CN,hospital & health care,linkedin.com/company/atlas-medical-diagnostic-centre-attapur,attapur,atlas medical diagnostic centre | attapur,telangana,1-10,atlasmedicaldiagnostics.com
india,2011,mmDtB2KvlBOhC3t6Fo0q2Q6Dtqw5,hospital & health care,linkedin.com/company/guidinghandsindia,civil hospital,guiding hands - medical tourism company,gujarat,1-10,guidinghands.in
india,2017,GGrhOsY6uibuCrQRYRgHYgvoIvZ2,hospital & health care,linkedin.com/company/photo51,new delhi,photo51 scientific consultancy,delhi,1-10,photo51.in
india,1995,epHkp2C4BCEkxYXYfBjbtAcIra5I,hospital & health care,linkedin.com/company/kesarwani-clinic,jaunpur,kesarwani clinic,uttar pradesh,1-10,facebook.com/kesarwaniclinicjaunpur
india,,MfqBnKRIVPJm4XkyeVmaIwhUeYFD,hospital & health care,linkedin.com/company/prism-medical-diagnostics---india,jawaharlal nehru vastigrah,prism medical diagnostics - india,maharashtra,1-10,prismsolapur.com
india,,6RtWvkdvBhxyW9BVUB7qhg2IN4J1,hospital & health care,linkedin.com/company/dragarwalseye,ahmedabad,"dr.agarwals eye hospital, ahmedabad",gujarat,1001-5000,
india,,w1oOcKoe08jQ9QroYlaXdwRcjIa0,hospital & health care,linkedin.com/company/sfera-studios-india-private-limited,bangalore,sfera studios india private limited,karnataka,1-10,
india,2017,2u4WFV1pHvkhQOIXrJym9Qo7nRgN,hospital & health care,linkedin.com/company/quematicx,kolkāta,quematicx infra services private limited,west bengal,11-50,quematicx.co.in
india,2008,9X8WswBw65zmt9CEV8luYAyjoUbJ,hospital & health care,linkedin.com/company/house-of-diagnostics,delhi,house of diagnostics - hod,delhi,501-1000,houseofdiagnostics.com
india,,5NeBPxeOwv234yQT5JWFTA9K42Cp,hospital & health care,linkedin.com/company/sethi-children-hospital---india,alwar,sethi children hospital - india,rajasthan,1-10,sethichildrenhospital.com
india,,786si2XyROVP25UlTHpCcwD6x7lS,hospital & health care,linkedin.com/company/foresight-health-services-private-limited,new delhi,foresight health services private limited,delhi,1-10,
india,,HFCLYkZ5yJq0yqCmrB5GaAWU2nJA,hospital & health care,linkedin.com/company/pooja-diagnostic-centre-and-health-care-private-limited,mumbai,pooja diagnostic centre and health care private limited,maharashtra,1-10,
india,,2KxHngWilpfmpfBsmhWoxw77XQ4L,hospital & health care,linkedin.com/company/vidyadhan-academy-private-limited,new delhi,vidyadhan academy private limited,delhi,1-10,
india,,LqoCSHFTTIiUYtlssawUSAWcepxs,hospital & health care,linkedin.com/company/bushra-haj-service---india,chennai,bushra haj service - india,tamil nadu,1-10,bushrahaj.com
india,,J8YriRkuJwBqPwBHnRqNcwo4TIsp,hospital & health care,linkedin.com/company/the-dentistree-dental-clinic,hyderābād,the dentistree dental clinic,telangana,51-200,
india,,dNFhCg4EBeH4piuQs7btnQFjzrLy,hospital & health care,linkedin.com/company/mehar-wing-services-private-limited,guwāhāti,mehar wing services private limited,assam,1-10,
india,,81uSjbSTG2LyoevJWHURDAO4ENuC,hospital & health care,linkedin.com/company/v-mas-education-academy-v-kids-private-limited,bangalore,v-mas education academy v-kids private limited,karnataka,1-10,
india,,z5B2A9fMBGKL8MxBubdjMQTV5z8Z,hospital & health care,linkedin.com/company/beautiful-minds-centre,kohīma,beautiful minds centre,nagaland,1-10,beautiful-minds-centre.business.site
india,,BvjmbHqtEHsDfXRTUeNioQVHghVh,hospital & health care,linkedin.com/company/sadvichar-parivar---india,,sadvichar parivar - india,,1-10,sadvichar.com
india,2003,xWLpqpgwf5NFuVygtKJwOg4CoT2L,hospital & health care,linkedin.com/company/medieralifescience,farīdābād,medi era life science,haryana,201-500,medieralifescience.com
india,,rzjGKWEagRaEyEXmgaLMJw3t8DJM,hospital & health care,linkedin.com/company/sarvmangla-samarpan-aarogya-private-limited,delhi,sarvmangla samarpan aarogya private limited,delhi,1-10,
india,2020,qki24jTbImhFz8icKYEwvg7m1Snk,hospital & health care,linkedin.com/company/shifacwc,basti,shifa clinic and wellness center,uttar pradesh,1-10,enzocare.in
india,,HbB4f2tS5o2fr9oijiLvwA4ZAb49,hospital & health care,linkedin.com/company/jss-medical-college,mysore,jss medical college,karnataka,51-200,jssmedicalcollege.in
india,,UnH8qELmoQcDA3uhsH7iuQcvMfPB,hospital & health care,linkedin.com/company/darakh-nursing-home-private-limited,aurangābād,darakh nursing home private limited,maharashtra,1-10,
india,,hElEKEDJB9fnGZTeSNBBBQaZT4am,hospital & health care,linkedin.com/company/sri-balaji-nursing-home,hyderābād,sri balaji nursing home,telangana,1-10,sribalajinursinghome.com
india,,DTXPytPVH4OB8FvvijOY3QuS5b1Z,hospital & health care,linkedin.com/company/radhakrishna-hospital---india,nāgpur,radhakrishna hospital - india,maharashtra,1-10,radhakrishnahospital.net
india,,pITtVb8jlFhl1ZG2S4PeLwjjem5C,hospital & health care,linkedin.com/company/jayshree-healthcare-private-limited,jorhāt,jayshree healthcare private limited,assam,1-10,
india,,I8fk402v6hxeJ0forSqcgwmXCbiB,hospital & health care,linkedin.com/company/dr.b-r-amdekar-iti,jalandhar,dr.b r amdekar iti,punjab,51-200,amdekariit.com
india,,YJk90kouBVN7qQPFYBJCEQ48CZXW,hospital & health care,linkedin.com/company/deep-dental-care-and-treatment-centre,sector 15 panchkula,deep dental care and treatment centre,haryana,51-200,
india,,qgWI8ZLlxQmRhZtim5x0owvABgm9,hospital & health care,linkedin.com/company/iterum-healthcare-technologies-pvt.-ltd.,bangalore,iterum healthcare technologies pvt. ltd.,karnataka,11-50,iterumtech.com
india,,pB00LyxyfZP5OefMciiHeQOACjSH,hospital & health care,linkedin.com/company/arham-health-care-private-limited,secunderābād,arham health care private limited,telangana,1-10,
india,,7rJaQNEl6u1hBgwzrJEp8Aig6r6s,hospital & health care,linkedin.com/company/sangbad-pratidin-bhawanipore-football-club-private-limited,kolkāta,sangbad pratidin bhawanipore football club private limited,west bengal,1-10,
india,,Ctlf5xv57re8TgQ6duaIxwAqxQF0,hospital & health care,linkedin.com/company/allhazen-humancare-private-limited,lucknow,allhazen humancare private limited,uttar pradesh,51-200,
india,2023,3lUmhSrAeoeYBGkMwAqyWAOdFNqq,hospital & health care,linkedin.com/company/buddycare-health,gurugram,buddycare health,haryana,1-10,buddycarehealth.com
india,,SMpYxIEteHzDXByRI1ovjAc1f22u,hospital & health care,linkedin.com/company/jagtial-eye-hospital,khila jagtial,jagtial eye hospital,telangana,1-10,jagtialeyehospital.com
india,,gpnCrdvgVZOCwCQSgHO22Ar2X0Mc,hospital & health care,linkedin.com/company/star-recovery-home,katni cement factory,star recovery home,madhya pradesh,1-10,starrecoveryhome.in
india,,ik5GKPwgdvDYciHP86xRVQhJDSqS,hospital & health care,linkedin.com/company/sn-career-makers-private-limited,hisar,sn career makers private limited,haryana,1-10,
india,,gp8PY1BjYNCOLPtoQ9SzHwThsFvv,hospital & health care,linkedin.com/company/hi-tech-path-lab,delhi,hi-tech path lab,delhi,1-10,hitechpathlab.com
india,2017,ART40BqqXnm79AtYoADiFQMHsvvv,hospital & health care,linkedin.com/company/salcit-technologies,hyderābād,swaasa® - by salcit technologies,telangana,11-50,swaasa.ai
india,2020,1AvT0Hlzf1U2YBm6qc41BA4fQHap,hospital & health care,linkedin.com/company/emed4u,chandigarh sector 56,emed4u,punjab,11-50,emed4u.com
india,2022,T9h5586gtibij9gth44vFAhmNPH9,hospital & health care,linkedin.com/company/bluvialpath,gurugram,bluvial labs,haryana,1-10,
india,2021,BFQZwnO0rp4cnjuZiAULugGGLcwJ,hospital & health care,linkedin.com/company/dr-sheths-clinic-and-homecare-solutions,mumbai,dr sheths clinic and homecare solutions,maharashtra,1-10,drshethshomecare.com
india,,HrTsNxBUjhtW1TIOQK72WAuIUww5,hospital & health care,linkedin.com/company/shashank-mining-private-limited,kolkāta,shashank mining private limited,west bengal,1-10,
india,,DWK70LwWIww7BU3kuFoh5QzV3H9z,hospital & health care,linkedin.com/company/sorake-chandra-shekar-hospitals-private-limited,balmatta,sorake chandra shekar hospitals private limited,karnataka,1-10,
india,,77iD6mzS9W1KnSzl17zCvQtfNUQO,hospital & health care,linkedin.com/company/drsharadgupta,delhi,aarogya clinic,delhi,11-50,aarogyaclinic.co.in
india,,Ee14cjRMwBfs5z8qUr2JLgyhXRW1,hospital & health care,linkedin.com/company/golden-business-solution-private-limited,delhi,golden business solution private limited,delhi,1-10,
india,,hnfnVasOQtVCGCRZ4cNuXAhMD2Ye,hospital & health care,linkedin.com/company/adin-dental-implant-systems-limited,hyderābād,adin dental implant systems limited,telangana,501-1000,
india,,BkokCb6yCDFlumyi46w5Cgcc2waq,hospital & health care,linkedin.com/company/subzero-ice-creams-karnataka-private-limited,chennai,subzero ice creams karnataka private limited,tamil nadu,1-10,
india,,hXyL1hHX8TBcNZ5UXsNB4A6Gz5Gp,hospital & health care,linkedin.com/company/ayushmannha,new delhi,national health authority (nha),delhi,11-50,
india,2022,amnP4C1wTeeSWfSbr9II0wCBUZsZ,hospital & health care,linkedin.com/company/koita-centre-for-digital-oncology-kcdo,mumbai,koita centre for digital oncology (kcdo),maharashtra,11-50,kcdo.in
india,,a0mOvspW4TOTAMiQaUaUsgfeAzlb,hospital & health care,linkedin.com/company/ozone-hospitals---india,kothapet,ozone hospitals - india,andhra pradesh,1-10,
india,,BhbHQUEj7RhxfbGgUFAWHAaGoUsv,hospital & health care,linkedin.com/company/imperial-science-and-technology-institute-private-limited,rānchi,imperial science and technology institute private limited,jharkhand,1-10,
india,2021,i8UV1WCmdVIqTX4p9eWmZgriQviZ,hospital & health care,linkedin.com/company/radblox-teleradiology-services,bangalore,radblox teleradiology,karnataka,11-50,radblox.io
india,,EiMWwXw2HI3Le2vC5tRw6gaC7my5,hospital & health care,linkedin.com/company/ripples-health-care-private-limited,arpora,ripples health care private limited,goa,1-10,
india,,OnVzQdE8930Pz1paACqBhA1LF1lV,hospital & health care,linkedin.com/company/pranav-communications-private-limited,chennai,pranav communications private limited,tamil nadu,1-10,
india,,BBu593BoC9NdyT1H22vKnQyE7TTG,hospital & health care,linkedin.com/company/viswashanthicollegenursing,kurnool,viswashanthi college of nursing,andhra pradesh,11-50,viswashanthinursing.in
india,,qWTE4Pz0lcRftgCiA9ALnAwuGvbw,hospital & health care,linkedin.com/company/amaltas-medical,dewas bhavanisagar,amaltas medical,madhya pradesh,1-10,amaltasgroup.co.in
india,,ejqWsyEBsRjDE8YSPjoGjA4KseCt,hospital & health care,linkedin.com/company/city-wellness-first-private-limited,bīkaner,city wellness first private limited,rajasthan,1-10,
india,,DznkkpBJ4NSmhvXvcSnsJw4V3GtQ,hospital & health care,linkedin.com/company/vidya-bharathi-ayurvedic-research-&-healthcare-private-limited,malayattoor,vidya bharathi ayurvedic research & healthcare private limited,kerala,1-10,
india,,4kCxGV6D3sEl5u6aOaNtVgOWpW2x,hospital & health care,linkedin.com/company/sakthi-fertility,dharmapuri,sakthi fertility,tamil nadu,1-10,sakthifertilitycentre.com
india,,u1lebqg5xUcaMrRkaWdMRQSh3m1V,hospital & health care,linkedin.com/company/pioneer-edusolutions-private-limited,jaipur,pioneer edusolutions private limited,rajasthan,1-10,
india,,hgG5jcKarr1oJjkYxidFtA7M5azW,hospital & health care,linkedin.com/company/spandana-home-jammikunta,vāvilāla,"spandana home ,jammikunta",andhra pradesh,1-10,spandana-orphanage-jammikunta.business.site
india,,GxcHyzcswQYjGCyyd8aLtgjYvgzk,hospital & health care,linkedin.com/company/aayushman-medicare-centre-private-limited,new delhi,aayushman medicare centre private limited,delhi,1-10,
india,,pAYHyAAMBiOhhJv6nxa7Zg46QC24,hospital & health care,linkedin.com/company/sree-shyam-sayi-corporation-private-limited,chennai,sree shyam sayi corporation private limited,tamil nadu,1-10,
india,,1yR03hlhROJTMJb4HQ9yuQo7SbhT,hospital & health care,linkedin.com/company/b.n.k.medicare-private-limited,nirala nagar,b.n.k.medicare private limited,uttar pradesh,1-10,
india,,WTggJEoUaa0QJaSvQcDCUAD4qUcI,hospital & health care,linkedin.com/company/shine-irca,sagolband thingom leikai,shine irca,manipur,1-10,iwcdc.com
india,,HdW6KHoeLPC43rtC22InAw0mHBJR,hospital & health care,linkedin.com/company/sowmiya-hospital,kāramadai,sowmiya hospital,tamil nadu,1-10,sowmiyahospital.com
india,,LmvalHXrQ19ORkq4tUjxLgJtojz7,hospital & health care,linkedin.com/company/aupp-education-private-limited,anand vihar,aupp education private limited,delhi,1-10,
india,2020,o7tmy38Iyd3C0zr2ZoqR3w2jVWPo,hospital & health care,linkedin.com/company/innovodigm-private-limited,kolkāta,innovodigm private limited,west bengal,1-10,innovodigm.com
india,2009,vKBk5iEfO99uLF9bvMRk3A5kz8wv,hospital & health care,linkedin.com/company/jaguaarpills,chennai,jaguaarpills,tamil nadu,11-50,jaguaarpills.com
india,,mdtkxr6eIucCMd3IEHsflAO8MokT,hospital & health care,linkedin.com/company/dr-rutvik-trivedi,ānand,dr. rutvik trivedi,gujarat,1-10,drrutviktrivedi.com
india,,KIV2OJ98ac6gdwT4vDLkGAJiaQ1t,hospital & health care,linkedin.com/company/sai-spurthi-institue-of-education-private-limited,gulbarga,sai spurthi institue of education private limited,karnataka,1-10,
india,,AcjNO82cbDLZgBV5CrEzOgqOKpdn,hospital & health care,linkedin.com/company/fine-feather-dental-clinic,ahmedabad,fine feather dental clinic,gujarat,51-200,
india,2016,iB5cVIGgyCbIvsqQHY3jVALHv9hX,hospital & health care,linkedin.com/company/bluenest-services,coimbatore,bluenest services,tamil nadu,501-1000,bluenest.in
india,,vxbWBuAaVdNlPX4YkxmzOAJtX56Q,hospital & health care,linkedin.com/company/aastha-dental-clinic-&-implant-center,vadodara,aastha dental clinic & implant center,gujarat,51-200,aasthadentalclinic.com
india,2015,ByL36uOXPVF8nUymTdgfFgjVbjY9,hospital & health care,linkedin.com/company/odisha-arthritis-rheumatology-care,saheed nagar,odisha arthritis & rheumatology care(oarc),odisha,11-50,odishaarthritis.com
india,,Np8EKTvqR2frRwDu4GupTg2iXdmn,hospital & health care,linkedin.com/company/meena-hospital---india,jalgaon,meena hospital - india,maharashtra,1-10,meenahospital.com
india,,NzlvS7KeCdvcAAjxMCwpqA6qXJ7E,hospital & health care,linkedin.com/company/earthkids-humanity-foundation,āgra,earthkids humanity foundation,uttar pradesh,1-10,
